1/1/1990	0.02	39.5
1/3/1990	0.15	42.5
1/4/1990	0.25	47
1/5/1990	0.85	49.5
1/6/1990	0.92	48
1/7/1990	0.56	48
1/8/1990	0.4	45.5
1/9/1990	2.83	47.5
1/11/1990	0.01	42.5
1/13/1990	0.07	47
1/14/1990	0.05	46
1/15/1990	0.05	44
1/21/1990	0.12	43
1/22/1990	0.45	43
1/25/1990	0.38	41.5
1/26/1990	0.02	36
1/27/1990	0.26	43
1/28/1990	0.7	42.5
1/29/1990	0.36	40
1/30/1990	0.26	37.5
1/31/1990	0.7	36.5
2/1/1990	0.08	41
2/2/1990	0.15	44.5
2/3/1990	0.48	44
2/4/1990	0.06	39
2/5/1990	0.24	39
2/6/1990	0.11	36.5
2/7/1990	0.23	35.5
2/8/1990	0.13	39
2/9/1990	0.06	46
2/10/1990	0.23	49.5
2/11/1990	0.13	41
2/14/1990	0.02	28
2/15/1990	0.25	35
2/16/1990	0.34	34
2/17/1990	0.53	27.5
2/19/1990	0.09	32.5
2/20/1990	0.56	40
2/23/1990	0.01	42.5
2/24/1990	0.02	49
3/3/1990	0.04	48.5
3/4/1990	0.01	50
3/5/1990	0.01	50
3/6/1990	0.19	45.5
3/7/1990	0.39	42.5
3/8/1990	0.28	37
3/9/1990	0.45	42.5
3/10/1990	0.02	41
3/13/1990	0.32	42
3/14/1990	0.14	46
3/17/1990	0.37	52.5
3/19/1990	0.07	52
3/20/1990	0.03	51.5
3/22/1990	0.22	44.5
3/23/1990	0.04	43.5
4/11/1990	0.17	55.5
4/13/1990	0.36	50.5
4/14/1990	0.05	56.5
4/17/1990	0.15	51.5
4/19/1990	0.03	53
4/20/1990	0.13	53
4/22/1990	0.48	51.5
4/23/1990	0.34	49
4/24/1990	0.01	51
4/25/1990	0.28	50
4/27/1990	0.29	44
4/28/1990	0.18	50
4/29/1990	0.07	51.5
5/2/1990	0.11	56
5/6/1990	0.38	48.5
5/13/1990	0.05	50.5
5/14/1990	0.02	50
5/19/1990	0.02	55.5
5/20/1990	0.18	54
5/21/1990	0.08	57
5/27/1990	0.03	58
5/30/1990	0.96	59.5
5/31/1990	0.15	52
6/1/1990	0.06	52.5
6/2/1990	0.08	58.5
6/3/1990	1.08	55
6/4/1990	0.06	54.5
6/6/1990	0.57	57
6/8/1990	0.14	59
6/9/1990	0.7	53.5
6/10/1990	0.07	52
6/12/1990	0.23	55.5
6/16/1990	0.01	57
6/22/1990	0.02	64
6/28/1990	0.02	64.5
6/30/1990	0.01	64.5
7/2/1990	0.39	57
7/5/1990	0.17	67
7/6/1990	0.01	64
7/25/1990	0.01	59
8/17/1990	0.01	67.5
8/18/1990	0.08	66
8/19/1990	0.03	63.5
8/21/1990	0.12	62.5
8/29/1990	0.27	62
8/30/1990	0.12	64
8/31/1990	0.08	66
9/1/1990	0.01	62.5
9/7/1990	0.01	63
9/16/1990	0.03	64
10/1/1990	0.02	57
10/2/1990	0.16	52.5
10/3/1990	0.13	54.5
10/4/1990	0.64	56
10/6/1990	0.14	48.5
10/9/1990	0.05	51.5
10/11/1990	0.28	46
10/12/1990	0.03	51.5
10/14/1990	0.77	48.5
10/15/1990	0.39	49.5
10/16/1990	0.05	50
10/17/1990	0.29	48
10/18/1990	0.15	51
10/20/1990	0.09	47.5
10/21/1990	0.69	50
10/25/1990	0.14	56.5
10/27/1990	0.19	55.5
10/28/1990	0.14	50.5
10/29/1990	0.24	49.5
10/30/1990	0.16	50
10/31/1990	1.04	47
11/2/1990	0.01	42.5
11/3/1990	0.12	48
11/4/1990	0.02	51
11/7/1990	0.15	48.5
11/8/1990	0.21	51.5
11/9/1990	2.95	54.5
11/10/1990	0.35	57
11/12/1990	0.62	50
11/13/1990	0.71	47.5
11/14/1990	0.12	45.5
11/17/1990	0.34	43.5
11/19/1990	0.02	40.5
11/21/1990	0.42	46.5
11/22/1990	0.28	51
11/23/1990	0.8	52.5
11/24/1990	2.93	51
11/26/1990	0.1	39
11/29/1990	0.28	44.5
11/30/1990	0.28	38
12/1/1990	0.33	40.5
12/2/1990	0.05	40
12/3/1990	0.16	48
12/4/1990	0.82	46.5
12/8/1990	0.54	46
12/9/1990	0.24	47.5
12/10/1990	0.21	43.5
12/11/1990	0.09	40.5
12/12/1990	0.01	38.5
12/14/1990	0.02	42
12/15/1990	0.22	39.5
12/16/1990	0.11	37.5
12/18/1990	0.45	31
12/25/1990	0.13	32.5
12/27/1990	0.15	38
12/28/1990	0.05	22.5
12/30/1990	0.03	29.5
12/31/1990	0.02	41.5
1/1/1991	0.01	42
1/6/1991	0.09	33.5
1/7/1991	0.5	38.5
1/8/1991	0.35	41.5
1/9/1991	0.35	40.5
1/10/1991	0.31	43.5
1/11/1991	0.73	48.5
1/12/1991	0.94	50.5
1/13/1991	0.28	49
1/14/1991	0.22	48.5
1/17/1991	0.06	48.5
1/27/1991	0.04	31.5
1/31/1991	0.58	42
2/1/1991	0.24	51
2/2/1991	0.5	51.5
2/3/1991	0.55	49.5
2/4/1991	0.68	53.5
2/11/1991	0.1	46
2/12/1991	0.23	47.5
2/13/1991	0.38	49
2/14/1991	0.07	57
2/15/1991	0.15	50.5
2/16/1991	0.02	45.5
2/17/1991	0.01	43.5
2/18/1991	0.18	45
2/19/1991	1.58	48.5
3/1/1991	0.55	38.5
3/2/1991	1.04	43.5
3/3/1991	0.79	46
3/4/1991	0.25	38.5
3/5/1991	0.32	38
3/7/1991	0.02	42
3/9/1991	0.24	38.5
3/10/1991	0.13	40.5
3/11/1991	0.29	39.5
3/12/1991	0.37	44
3/18/1991	0.24	45.5
3/19/1991	0.02	46
3/21/1991	0.01	46
3/23/1991	0.03	47.5
3/24/1991	0.36	42.5
4/2/1991	0.2	45.5
4/3/1991	1.46	46
4/4/1991	2.64	47.5
4/5/1991	0.7	47
4/6/1991	0.12	44.5
4/8/1991	0.38	44
4/9/1991	0.07	46
4/10/1991	0.26	43
4/14/1991	0.03	50
4/15/1991	0.07	50
4/23/1991	0.32	46
4/24/1991	0.13	45.5
4/25/1991	0.01	46.5
4/28/1991	0.07	48
4/29/1991	0.07	50.5
5/5/1991	0.06	54.5
5/7/1991	0.37	52.5
5/13/1991	0.01	54
5/16/1991	0.08	60
5/17/1991	0.16	51
5/18/1991	0.08	51.5
5/23/1991	0.04	54.5
5/24/1991	0.42	52
5/25/1991	0.08	53.5
5/26/1991	0.04	54.5
5/27/1991	0.02	55.5
5/29/1991	0.03	52
6/7/1991	0.1	54
6/13/1991	0.04	56
6/15/1991	0.34	58.5
6/16/1991	0.14	54
6/20/1991	0.55	52
6/29/1991	0.1	58.5
6/30/1991	0.02	62.5
7/24/1991	0.28	65
8/6/1991	0.02	70
8/7/1991	0.02	69.5
8/9/1991	0.61	61.5
8/27/1991	0.66	59
8/28/1991	0.43	58
8/29/1991	0.06	68
8/31/1991	0.37	58
10/16/1991	0.2	50.5
10/22/1991	0.2	45.5
10/24/1991	0.57	46.5
10/25/1991	0.15	44.5
10/27/1991	0.01	42.5
10/28/1991	0.15	39.5
10/31/1991	0.03	43
11/3/1991	0.04	46
11/4/1991	0.54	49.5
11/5/1991	0.22	54
11/7/1991	0.1	53
11/8/1991	0.18	55.5
11/9/1991	0.2	51.5
11/10/1991	0.01	51
11/11/1991	0.5	54
11/13/1991	0.11	47
11/16/1991	0.47	48
11/17/1991	0.25	49
11/18/1991	0.08	49
11/19/1991	0.82	50
11/20/1991	0.19	46.5
11/23/1991	0.09	45
11/24/1991	0.58	48
11/25/1991	0.02	50
11/26/1991	0.74	45.5
11/27/1991	0.05	42
11/28/1991	0.14	44.5
12/1/1991	0.05	45
12/4/1991	0.2	48
12/5/1991	1.22	49
12/6/1991	0.17	46
12/8/1991	0.04	49
12/9/1991	0.37	44
12/11/1991	0.06	45
12/12/1991	0.1	43.5
12/18/1991	0.38	41.5
12/20/1991	0.13	41
12/21/1991	0.17	43
12/23/1991	0.02	42
12/24/1991	0.05	43.5
12/25/1991	0.02	47
12/26/1991	0.04	50.5
12/27/1991	0.04	51.5
12/28/1991	0.13	45.5
12/30/1991	0.12	46
1/1/1992	0.51	43
1/2/1992	0.2	44.5
1/3/1992	0.09	43
1/4/1992	0.42	41.5
1/5/1992	0.01	37.5
1/9/1992	0.02	45.5
1/10/1992	0.33	46
1/15/1992	0.17	46.5
1/16/1992	0.31	43
1/20/1992	0.02	41.5
1/21/1992	0.08	43.5
1/22/1992	0.05	42.5
1/23/1992	1.04	49
1/24/1992	0.07	51.5
1/25/1992	0.21	48.5
1/26/1992	0.11	43
1/27/1992	1.5	49
1/28/1992	0.65	48.5
1/29/1992	0.62	53.5
1/30/1992	0.9	53.5
1/31/1992	0.51	53
2/1/1992	0.13	46.5
2/2/1992	0.3	46.5
2/7/1992	0.29	39.5
2/8/1992	0.04	46
2/11/1992	0.01	47.5
2/12/1992	0.04	48
2/13/1992	0.06	48
2/14/1992	0.31	51
2/15/1992	0.16	45
2/17/1992	0.15	44.5
2/18/1992	0.29	42.5
2/19/1992	0.1	40.5
2/20/1992	0.34	43
2/21/1992	0.68	51
2/22/1992	0.07	48
2/23/1992	0.12	44
3/3/1992	0.09	50.5
3/4/1992	0.1	49
3/5/1992	0.34	50.5
3/15/1992	0.56	49
3/17/1992	0.24	47
3/27/1992	0.35	49.5
4/4/1992	0.32	45.5
4/5/1992	0.11	42
4/9/1992	0.17	45
4/11/1992	0.13	47
4/12/1992	0.14	56
4/13/1992	0.17	54.5
4/15/1992	0.05	57
4/16/1992	0.95	56
4/17/1992	0.69	53
4/20/1992	0.07	52.5
4/21/1992	0.26	48.5
4/26/1992	0.03	62
4/27/1992	0.28	61.5
4/28/1992	0.11	58
4/29/1992	0.59	58
4/30/1992	0.05	51.5
5/8/1992	0.03	52
5/9/1992	0.01	49
5/28/1992	0.04	59.5
5/29/1992	0.04	63
6/9/1992	0.02	62.5
6/12/1992	0.2	56.5
6/13/1992	0.16	55
6/28/1992	0.12	66
6/29/1992	0.64	61
7/1/1992	0.01	67.5
7/4/1992	0.57	58.5
7/5/1992	0.02	62
7/6/1992	0.02	63
7/7/1992	0.05	62
7/8/1992	0.01	65
7/10/1992	0.17	61
7/19/1992	0.02	67.5
7/23/1992	0.02	59.5
8/6/1992	0.53	62
8/7/1992	0.13	64
9/3/1992	0.01	60.5
9/4/1992	0.06	60.5
9/5/1992	0.01	56.5
9/8/1992	0.16	59.5
9/18/1992	0.1	59.5
9/19/1992	0.02	60
9/23/1992	0.65	58
9/24/1992	0.06	57
9/26/1992	0.08	57.5
10/2/1992	0.08	57.5
10/3/1992	0.28	57.5
10/8/1992	0.06	55.5
10/12/1992	0.18	56
10/16/1992	0.05	48.5
10/18/1992	0.09	57
10/19/1992	0.37	59.5
10/20/1992	0.15	60
10/21/1992	0.07	55.5
10/24/1992	0.03	54.5
10/28/1992	0.14	48
10/29/1992	0.2	52
10/30/1992	0.23	50.5
10/31/1992	0.52	52.5
11/1/1992	0.49	50.5
11/3/1992	0.05	46.5
11/4/1992	0.24	49
11/6/1992	0.25	51
11/7/1992	0.47	52.5
11/8/1992	0.28	45
11/9/1992	0.12	42
11/10/1992	0.02	40
11/11/1992	0.62	45
11/12/1992	0.07	49
11/15/1992	0.1	45
11/16/1992	0.55	48
11/17/1992	0.25	49
11/18/1992	0.11	49.5
11/19/1992	0.31	43.5
11/21/1992	0.91	43.5
11/22/1992	0.02	43.5
11/27/1992	0.4	46.5
11/29/1992	0.16	36
11/30/1992	0.15	42.5
12/5/1992	0.01	34.5
12/7/1992	0.1	37
12/8/1992	0.46	41
12/10/1992	1.27	37.5
12/11/1992	0.06	37.5
12/14/1992	0.66	43
12/16/1992	0.14	34.5
12/17/1992	0.15	35.5
12/18/1992	0.02	32.5
12/19/1992	0.69	36
12/20/1992	0.08	41
12/21/1992	0.05	42
12/24/1992	0.06	43.5
12/25/1992	0.04	35.5
12/26/1992	0.01	40.5
12/27/1992	0.09	39
12/28/1992	0.02	40.5
12/29/1992	0.11	38
12/30/1992	0.07	33.5
1/3/1993	0.11	36
1/4/1993	0.08	34
1/8/1993	0.02	33.5
1/19/1993	0.59	39
1/20/1993	0.8	44.5
1/21/1993	0.14	40.5
1/22/1993	0.3	37.5
1/23/1993	0.12	34
1/24/1993	0.81	43.5
1/25/1993	0.93	49.5
1/26/1993	0.1	50
1/28/1993	0.09	47
2/9/1993	0.03	48.5
2/11/1993	0.01	47.5
2/20/1993	0.26	38
2/21/1993	0.05	36.5
3/1/1993	0.1	43
3/2/1993	0.11	46
3/3/1993	0.36	49
3/4/1993	0.48	49
3/8/1993	0.05	47
3/13/1993	0.04	48
3/14/1993	0.48	49
3/15/1993	0.12	45.5
3/16/1993	0.41	43
3/18/1993	0.01	46.5
3/19/1993	0.1	48
3/20/1993	0.08	48.5
3/21/1993	0.02	53.5
3/22/1993	1.81	51
3/23/1993	0.26	48.5
3/29/1993	0.25	46.5
3/30/1993	0.12	48.5
4/1/1993	0.24	53
4/2/1993	0.17	50
4/3/1993	0.37	45.5
4/6/1993	0.11	48
4/7/1993	0.02	49.5
4/8/1993	0.83	51
4/9/1993	0.13	50
4/10/1993	0.38	46
4/11/1993	0.01	47
4/12/1993	0.01	46.5
4/13/1993	0.08	47.5
4/15/1993	0.07	51.5
4/16/1993	0.09	50.5
4/17/1993	0.18	52.5
4/18/1993	0.04	50.5
4/20/1993	0.05	62
4/21/1993	0.26	53.5
4/22/1993	0.07	51
4/23/1993	0.08	51.5
4/24/1993	0.18	53
4/25/1993	0.52	50
4/26/1993	0.16	49
4/28/1993	0.01	51
4/29/1993	0.2	55.5
4/30/1993	0.28	53
5/1/1993	0.16	50.5
5/2/1993	0.01	53
5/3/1993	0.26	50
5/4/1993	0.05	54
5/5/1993	0.19	55
5/6/1993	0.12	53
5/7/1993	0.16	50
5/9/1993	0.21	54.5
5/19/1993	0.26	67
5/20/1993	0.14	62
5/21/1993	0.12	57.5
5/27/1993	0.05	60.5
5/28/1993	0.16	60.5
5/30/1993	0.46	65.5
5/31/1993	0.51	58
6/1/1993	0.18	61.5
6/6/1993	0.31	57
6/7/1993	0.27	57
6/8/1993	0.03	58.5
6/9/1993	0.72	57.5
6/10/1993	0.03	57
6/11/1993	0.01	55
6/14/1993	0.2	61.5
6/22/1993	0.46	55
6/28/1993	0.27	58.5
7/2/1993	0.1	61.5
7/3/1993	0.02	59.5
7/11/1993	0.08	59
7/14/1993	0.01	62
7/16/1993	0.01	62.5
7/19/1993	0.45	58.5
7/20/1993	0.07	57
7/21/1993	0.01	62
7/22/1993	0.08	63
7/23/1993	0.01	62.5
7/27/1993	0.04	61.5
7/28/1993	0.22	59
7/29/1993	0.17	59.5
8/15/1993	0.01	63.5
8/16/1993	0.06	60
8/21/1993	0.01	62.5
8/22/1993	0.06	66
8/24/1993	0.02	59.5
9/14/1993	0.03	58.5
10/6/1993	0.28	56.5
10/14/1993	0.05	58.5
10/15/1993	0.3	54
10/16/1993	0.03	54.5
10/19/1993	0.02	53
10/22/1993	0.53	55
10/23/1993	0.31	59
10/28/1993	0.02	53.5
11/2/1993	0.05	48.5
11/3/1993	0.07	50.5
11/15/1993	0.07	47.5
11/16/1993	0.1	44.5
11/17/1993	0.3	41.5
11/21/1993	0.1	41
11/22/1993	0.07	30
11/27/1993	0.08	43
11/28/1993	0.1	42.5
11/29/1993	0.47	46.5
11/30/1993	0.79	43.5
12/1/1993	0.67	48
12/2/1993	0.02	46
12/3/1993	0.07	50.5
12/4/1993	0.05	43
12/6/1993	0.02	37
12/7/1993	0.49	43
12/8/1993	0.52	46.5
12/9/1993	0.68	51.5
12/10/1993	0.37	54.5
12/11/1993	0.18	44.5
12/12/1993	0.12	43.5
12/13/1993	0.29	47.5
12/14/1993	0.07	44.5
12/28/1993	0.02	37.5
12/30/1993	0.41	44
12/31/1993	0.5	48
1/1/1994	0.13	48.5
1/2/1994	0.27	49
1/3/1994	0.22	50
1/4/1994	0.14	47.5
1/5/1994	0.11	43.5
1/7/1994	0.17	44
1/8/1994	0.06	46
1/9/1994	0.01	47.5
1/10/1994	0.21	47
1/12/1994	0.11	48.5
1/13/1994	0.01	50.5
1/21/1994	0.1	44
1/22/1994	0.54	51.5
1/23/1994	0.33	49
1/24/1994	0.06	45.5
1/25/1994	0.04	44.5
2/7/1994	0.01	33
2/9/1994	0.07	40.5
2/13/1994	0.74	42.5
2/14/1994	0.14	43
2/15/1994	0.65	46
2/16/1994	0.54	47
2/17/1994	0.61	42.5
2/18/1994	0.02	41.5
2/20/1994	0.04	42.5
2/21/1994	0.06	42.5
2/22/1994	0.4	40.5
2/23/1994	0.14	38.5
2/24/1994	0.09	37
2/25/1994	0.3	39
2/26/1994	0.39	44
2/27/1994	0.1	46.5
2/28/1994	0.17	53
3/1/1994	0.36	56
3/2/1994	0.43	52.5
3/3/1994	0.32	51.5
3/4/1994	0.25	48
3/9/1994	0.09	49.5
3/10/1994	0.27	48.5
3/15/1994	0.2	49.5
3/16/1994	0.19	47
3/17/1994	0.09	45.5
3/18/1994	0.15	43
3/19/1994	0.09	44
3/20/1994	0.46	44.5
3/21/1994	0.12	39.5
3/22/1994	0.15	37.5
4/3/1994	0.27	47.5
4/5/1994	0.2	48
4/6/1994	0.58	46.5
4/7/1994	0.15	49
4/8/1994	0.53	50
4/12/1994	0.23	48.5
4/13/1994	0.02	46.5
4/21/1994	0.12	52.5
4/23/1994	0.01	55.5
4/24/1994	0.01	52
4/26/1994	0.01	51
4/29/1994	0.14	53
5/2/1994	0.07	53.5
5/3/1994	0.22	52
5/4/1994	0.14	61
5/12/1994	0.02	57
5/14/1994	0.14	55
5/15/1994	0.19	52
5/16/1994	0.05	56
5/17/1994	0.02	56.5
5/20/1994	0.03	55
5/26/1994	0.05	56.5
5/28/1994	0.14	53
5/29/1994	0.22	54
5/31/1994	0.14	57
6/2/1994	0.02	59.5
6/4/1994	0.1	58
6/5/1994	0.09	57
6/6/1994	0.21	55
6/12/1994	0.19	60
6/13/1994	0.14	53.5
6/14/1994	0.02	55
6/17/1994	0.45	61.5
6/18/1994	0.03	58.5
7/1/1994	0.11	59.5
7/2/1994	0.03	59
7/5/1994	0.12	62.5
7/23/1994	0.01	73
7/24/1994	0.01	67.5
8/7/1994	0.12	65.5
8/8/1994	0.09	61.5
8/9/1994	0.09	66.5
9/2/1994	0.13	62
9/3/1994	0.43	60
9/4/1994	0.1	63.5
9/8/1994	0.6	61
9/9/1994	0.21	60
9/10/1994	0.04	61
9/13/1994	0.03	60.5
9/14/1994	0.15	64
10/1/1994	0.01	58.5
10/13/1994	0.37	48.5
10/14/1994	0.02	51
10/17/1994	0.02	49.5
10/19/1994	0.13	51
10/20/1994	0.06	53.5
10/22/1994	0.03	49.5
10/25/1994	0.28	52
10/26/1994	1.05	54.5
10/27/1994	0.59	49.5
10/29/1994	0.08	48
10/30/1994	0.17	48.5
10/31/1994	0.7	49.5
11/2/1994	0.24	41.5
11/4/1994	0.42	42.5
11/6/1994	0.18	44.5
11/8/1994	0.29	46.5
11/9/1994	0.29	44.5
11/10/1994	0.04	44
11/11/1994	0.15	44
11/12/1994	0.13	42.5
11/13/1994	0.01	46
11/14/1994	0.08	49.5
11/15/1994	0.27	46.5
11/16/1994	0.3	39.5
11/17/1994	0.06	37
11/19/1994	0.44	42.5
11/23/1994	0.19	41.5
11/24/1994	0.02	40.5
11/25/1994	0.75	40.5
11/26/1994	0.09	39
11/27/1994	0.2	41
11/28/1994	0.1	40.5
11/29/1994	0.2	47
11/30/1994	1.34	47.5
12/1/1994	0.25	42
12/2/1994	0.02	35.5
12/3/1994	0.11	32
12/5/1994	0.04	31
12/6/1994	0.01	34
12/7/1994	0.03	37.5
12/8/1994	0.18	40.5
12/10/1994	0.07	43
12/11/1994	0.2	42.5
12/14/1994	0.29	35.5
12/15/1994	0.3	43
12/16/1994	0.44	45.5
12/17/1994	0.9	51.5
12/18/1994	0.16	49.5
12/19/1994	1.03	50
12/20/1994	1.13	50.5
12/21/1994	0.01	47
12/25/1994	0.4	43
12/26/1994	1.65	49.5
12/27/1994	0.93	53
1/7/1995	0.08	41.5
1/8/1995	0.12	48
1/9/1995	0.38	49.5
1/10/1995	0.24	48.5
1/11/1995	0.19	47.5
1/12/1995	0.08	45
1/13/1995	0.3	49
1/14/1995	0.21	47
1/15/1995	0.05	43.5
1/16/1995	0.04	42
1/17/1995	0.16	39.5
1/18/1995	0.09	47.5
1/28/1995	0.47	48.5
1/29/1995	0.47	51.5
1/30/1995	0.71	52
1/31/1995	0.89	54
2/1/1995	0.59	51
2/3/1995	0.05	49.5
2/11/1995	0.11	42.5
2/12/1995	0.04	35
2/15/1995	0.39	39.5
2/16/1995	0.24	44
2/17/1995	0.3	48
2/18/1995	1.6	50
2/19/1995	1.34	55.5
2/20/1995	0.24	55.5
2/24/1995	0.06	48
2/25/1995	0.01	45
3/4/1995	0.16	41.5
3/5/1995	0.03	38
3/8/1995	0.58	47
3/9/1995	0.53	57
3/10/1995	0.58	52
3/11/1995	0.32	50
3/12/1995	0.02	48
3/13/1995	0.26	52.5
3/14/1995	0.37	54
3/17/1995	0.12	54
3/18/1995	0.25	52.5
3/19/1995	0.12	47
3/20/1995	0.19	50.5
3/21/1995	0.01	42.5
3/22/1995	0.02	43
3/23/1995	0.49	44.5
3/31/1995	0.02	54
4/4/1995	0.17	52
4/6/1995	0.03	51.5
4/7/1995	0.59	51
4/8/1995	0.05	48
4/10/1995	0.23	46
4/11/1995	0.09	49.5
4/12/1995	0.38	47
4/13/1995	0.01	46.5
4/14/1995	0.03	46
4/17/1995	0.03	48
4/18/1995	0.03	47.5
4/19/1995	0.02	45.5
4/20/1995	0.28	49.5
4/27/1995	0.03	59.5
4/29/1995	0.08	57.5
5/1/1995	0.2	54.5
5/2/1995	0.21	54
5/5/1995	0.06	55
5/9/1995	0.12	56
5/10/1995	0.02	56
5/11/1995	0.2	52
6/4/1995	0.18	59
6/5/1995	0.31	53.5
6/10/1995	0.34	56.5
6/12/1995	0.23	60
6/13/1995	0.02	57.5
6/14/1995	0.08	57
6/17/1995	0.2	56
6/20/1995	0.1	58
7/2/1995	0.1	61
7/3/1995	0.01	62.5
7/6/1995	0.01	64.5
7/9/1995	0.81	61.5
7/25/1995	0.02	69.5
7/26/1995	0.39	64
8/6/1995	0.35	59
8/7/1995	0.02	59
8/10/1995	0.05	59.5
8/12/1995	0.03	60
8/16/1995	0.41	60
8/17/1995	0.93	57.5
8/28/1995	0.02	63.5
9/4/1995	0.26	65
9/25/1995	0.03	59
9/26/1995	0.14	61
9/27/1995	0.27	61.5
9/28/1995	0.04	59
9/29/1995	0.04	58.5
9/30/1995	0.13	57
10/1/1995	0.01	52.5
10/2/1995	0.42	57
10/3/1995	0.15	55
10/8/1995	0.22	56.5
10/9/1995	0.34	54
10/10/1995	1.02	53
10/11/1995	0.32	53
10/15/1995	0.2	57.5
10/16/1995	0.22	58
10/17/1995	0.31	53
10/20/1995	0.44	53.5
10/21/1995	0.06	51
10/25/1995	0.22	49.5
11/5/1995	0.08	45.5
11/6/1995	0.23	43
11/7/1995	1.93	49.5
11/8/1995	0.57	51
11/10/1995	0.86	46
11/11/1995	0.66	52
11/12/1995	0.08	48.5
11/13/1995	0.19	53
11/15/1995	0.22	53
11/17/1995	0.17	55.5
11/18/1995	0.07	48.5
11/21/1995	0.05	48
11/22/1995	0.25	52.5
11/23/1995	0.73	53.5
11/24/1995	0.68	55
11/25/1995	0.26	49.5
11/27/1995	0.37	48
11/28/1995	1.55	53.5
11/29/1995	0.99	53
11/30/1995	0.46	48
12/1/1995	0.33	45
12/2/1995	0.11	41
12/3/1995	0.7	42
12/9/1995	0.81	36
12/10/1995	0.98	45
12/11/1995	0.39	50.5
12/12/1995	0.3	54
12/13/1995	0.22	47
12/14/1995	0.42	44.5
12/17/1995	0.34	45.5
12/18/1995	0.37	43.5
12/19/1995	0.02	46
12/27/1995	0.08	41.5
12/28/1995	0.36	45
12/29/1995	0.79	44.5
12/30/1995	0.13	49.5
12/31/1995	0.02	47.5
1/1/1996	0.02	47.5
1/2/1996	0.15	50.5
1/3/1996	0.02	45.5
1/4/1996	0.06	41.5
1/5/1996	0.13	39
1/6/1996	0.32	46
1/7/1996	1.33	50.5
1/9/1996	0.01	45.5
1/13/1996	0.13	44
1/14/1996	0.59	48.5
1/15/1996	1.68	47.5
1/16/1996	0.02	39.5
1/17/1996	0.06	37
1/18/1996	0.07	36.5
1/19/1996	0.48	35
1/20/1996	0.78	40.5
1/21/1996	0.62	37
1/22/1996	0.12	37
1/23/1996	0.1	37
1/24/1996	0.14	35
1/25/1996	0.06	35
1/26/1996	0.03	35
1/27/1996	0.04	33
1/28/1996	0.34	30
1/29/1996	0.04	22.5
2/3/1996	0.32	33
2/4/1996	0.04	41.5
2/5/1996	0.82	47
2/6/1996	0.79	49
2/7/1996	0.72	50.5
2/8/1996	3.06	51
2/9/1996	0.55	44
2/16/1996	0.02	49
2/17/1996	0.65	51
2/18/1996	0.6	50
2/19/1996	0.2	45
2/20/1996	0.1	46
2/21/1996	0.12	38.5
2/22/1996	0.23	39
2/23/1996	0.07	38
2/24/1996	0.06	37.5
3/3/1996	0.32	45.5
3/4/1996	0.03	46.5
3/5/1996	0.09	39.5
3/7/1996	0.03	48
3/9/1996	0.13	56
3/10/1996	0.41	57
3/11/1996	0.22	50.5
3/12/1996	0.05	48
3/19/1996	0.07	49.5
3/21/1996	0.05	47.5
3/22/1996	0.2	42
3/23/1996	0.01	46
3/27/1996	0.02	46.5
3/29/1996	0.07	44.5
3/31/1996	0.36	47
4/1/1996	0.34	49
4/6/1996	0.32	55.5
4/9/1996	0.04	55
4/11/1996	0.14	48.5
4/12/1996	0.09	46.5
4/13/1996	0.02	52
4/15/1996	0.45	54
4/16/1996	0.16	50.5
4/17/1996	0.12	48
4/18/1996	0.13	46.5
4/19/1996	0.03	46
4/22/1996	1.28	50
4/23/1996	1.71	52
4/24/1996	0.04	49.5
4/25/1996	0.35	47.5
4/26/1996	0.04	49.5
4/30/1996	0.11	49.5
5/1/1996	0.01	49.5
5/2/1996	0.02	47.5
5/7/1996	0.01	48
5/11/1996	0.11	52
5/12/1996	0.71	57
5/13/1996	0.38	57.5
5/14/1996	0.01	57
5/16/1996	0.01	54
5/17/1996	0.22	56
5/18/1996	0.21	54.5
5/20/1996	0.01	53.5
5/21/1996	0.08	48.5
5/22/1996	0.22	53
5/23/1996	0.06	54.5
5/28/1996	0.01	55
6/17/1996	0.03	55
6/23/1996	0.53	57
6/24/1996	0.03	60
7/3/1996	0.16	61.5
7/4/1996	0.06	60.5
7/17/1996	0.16	55.5
7/18/1996	0.27	58
7/19/1996	0.12	57
8/2/1996	0.76	61
8/3/1996	0.47	61
8/4/1996	0.01	62
8/30/1996	0.02	68
8/31/1996	0.06	65
9/3/1996	0.35	60
9/4/1996	0.01	57.5
9/5/1996	0.09	60
9/7/1996	0.08	64
9/13/1996	0.2	60.5
9/14/1996	0.36	61.5
9/15/1996	0.21	57.5
9/17/1996	0.01	59
9/18/1996	0.2	53.5
9/19/1996	0.23	53.5
9/20/1996	0.01	54
9/21/1996	0.1	54
10/2/1996	0.03	56
10/3/1996	0.12	57.5
10/4/1996	0.62	58.5
10/11/1996	0.13	53
10/12/1996	0.18	54.5
10/13/1996	0.45	52.5
10/14/1996	0.44	52.5
10/15/1996	0.04	46.5
10/17/1996	0.99	44
10/18/1996	0.1	45.5
10/21/1996	0.73	45.5
10/22/1996	0.02	48.5
10/23/1996	0.53	46.5
10/24/1996	0.22	49.5
10/25/1996	0.01	46.5
10/28/1996	0.91	51
10/29/1996	0.02	48.5
11/3/1996	0.16	47
11/5/1996	0.02	42.5
11/6/1996	0.08	44.5
11/7/1996	0.01	44
11/9/1996	0.01	50
11/11/1996	0.08	50
11/12/1996	0.4	53.5
11/13/1996	0.22	49.5
11/14/1996	0.05	47
11/15/1996	0.28	43.5
11/16/1996	0.26	41.5
11/17/1996	0.69	37
11/18/1996	0.12	35
11/19/1996	0.45	32.5
11/20/1996	0.03	34
11/23/1996	0.33	30
11/24/1996	0.29	40.5
11/25/1996	0.04	44.5
11/26/1996	0.07	42.5
11/27/1996	1.3	49
11/30/1996	0.34	47
12/2/1996	0.15	40
12/4/1996	0.98	40.5
12/5/1996	0.09	40.5
12/6/1996	0.36	39.5
12/7/1996	0.36	41
12/8/1996	0.68	42.5
12/9/1996	0.07	44
12/10/1996	0.21	45
12/11/1996	0.22	41.5
12/12/1996	0.15	43.5
12/13/1996	0.23	40
12/15/1996	0.11	39
12/19/1996	0.14	35.5
12/20/1996	0.18	41
12/21/1996	0.05	38.5
12/22/1996	0.05	40
12/23/1996	0.25	38
12/24/1996	0.51	36
12/26/1996	1.12	30
12/28/1996	0.38	32
12/29/1996	1.92	38
12/30/1996	0.67	44.5
12/31/1996	1.3	51
1/1/1997	0.43	51.5
1/2/1997	1.51	46.5
1/3/1997	0.02	41.5
1/4/1997	0.04	38.5
1/8/1997	0.04	44.5
1/9/1997	0.15	44.5
1/10/1997	0.04	45.5
1/16/1997	0.44	37.5
1/17/1997	0.94	44
1/18/1997	0.43	46.5
1/19/1997	0.56	50
1/20/1997	0.68	44.5
1/21/1997	0.1	40.5
1/23/1997	0.02	40.5
1/27/1997	0.43	32
1/28/1997	0.05	44
1/29/1997	0.31	47
1/30/1997	0.49	49.5
1/31/1997	0.34	48.5
2/1/1997	0.06	44
2/2/1997	0.08	40.5
2/11/1997	0.49	39
2/12/1997	0.04	44
2/13/1997	0.03	43.5
2/14/1997	0.19	47
2/16/1997	0.08	49
2/18/1997	0.48	43
2/19/1997	0.15	43
2/26/1997	0.16	41.5
2/27/1997	0.08	39.5
2/28/1997	0.15	38
3/1/1997	0.67	43.5
3/2/1997	0.14	41
3/3/1997	0.4	39
3/5/1997	0.38	42
3/6/1997	0.5	48
3/7/1997	0.32	45
3/8/1997	0.08	41
3/9/1997	0.43	44.5
3/11/1997	0.19	40.5
3/12/1997	0.24	38
3/13/1997	0.04	40
3/15/1997	0.94	43
3/16/1997	0.2	44.5
3/17/1997	0.18	49
3/18/1997	1.86	52
3/19/1997	1.27	53
3/20/1997	0.01	46.5
3/23/1997	0.01	45.5
3/25/1997	0.04	50.5
3/26/1997	0.08	47
3/27/1997	0.1	45
3/31/1997	0.07	42.5
4/3/1997	0.06	41.5
4/10/1997	0.01	48
4/12/1997	0.04	49.5
4/13/1997	0.29	47.5
4/14/1997	0.19	48
4/15/1997	0.23	55.5
4/16/1997	0.25	54.5
4/18/1997	0.01	48.5
4/19/1997	1.42	52
4/20/1997	0.03	50
4/22/1997	0.35	50
4/23/1997	0.33	51
4/26/1997	0.35	59
4/27/1997	0.05	49.5
4/28/1997	0.22	49.5
4/29/1997	0.01	50
4/30/1997	0.48	46.5
5/1/1997	0.01	49.5
5/2/1997	0.02	51.5
5/3/1997	0.3	51
5/4/1997	0.32	52
5/5/1997	0.17	55
5/14/1997	0.02	65.5
5/20/1997	0.08	55.5
5/23/1997	0.16	55.5
5/24/1997	0.09	56
5/27/1997	0.11	60
5/28/1997	0.02	62
5/29/1997	0.04	64
5/30/1997	0.33	63.5
5/31/1997	0.2	58.5
6/1/1997	0.07	57
6/2/1997	0.05	61.5
6/3/1997	0.03	59
6/4/1997	0.01	59
6/11/1997	0.11	56.5
6/16/1997	0.05	62
6/17/1997	0.45	61.5
6/19/1997	0.02	56.5
6/20/1997	0.23	58.5
6/21/1997	0.09	55
6/22/1997	0.02	56.5
6/23/1997	0.05	58.5
6/28/1997	0.27	61
6/29/1997	0.19	60
7/1/1997	0.03	60.5
7/5/1997	0.01	65.5
7/7/1997	0.01	60
7/8/1997	0.8	63
7/9/1997	0.02	61.5
7/10/1997	0.32	60.5
7/11/1997	0.01	62
8/20/1997	0.11	60.5
8/24/1997	0.2	65
8/25/1997	0.1	66.5
8/26/1997	0.51	59.5
8/27/1997	0.16	63.5
8/28/1997	0.16	64
8/29/1997	0.03	66
9/1/1997	0.03	66.5
9/11/1997	0.01	59.5
9/13/1997	0.25	58
9/14/1997	0.09	64
9/15/1997	0.48	58
9/16/1997	0.76	56
9/17/1997	0.77	57.5
9/18/1997	0.05	58
9/25/1997	0.24	64
9/26/1997	0.57	58.5
9/27/1997	0.01	58
9/30/1997	0.15	59
10/1/1997	0.5	56.5
10/2/1997	0.09	56.5
10/3/1997	0.67	55.5
10/4/1997	0.49	56.5
10/5/1997	0.03	54
10/6/1997	0.19	51.5
10/7/1997	0.12	50.5
10/8/1997	0.69	50
10/9/1997	0.02	51.5
10/10/1997	0.09	50.5
10/14/1997	0.15	53
10/17/1997	0.24	54.5
10/22/1997	0.04	48
10/23/1997	0.02	46.5
10/26/1997	0.12	49.5
10/28/1997	0.49	48.5
10/29/1997	1.01	53
10/30/1997	0.87	55.5
11/3/1997	0.16	52.5
11/5/1997	0.02	56
11/6/1997	0.26	55
11/7/1997	0.79	49.5
11/16/1997	0.06	50.5
11/17/1997	0.58	48.5
11/18/1997	0.01	49.5
11/19/1997	0.65	48
11/20/1997	0.06	48.5
11/22/1997	0.18	43
11/23/1997	0.44	51
11/24/1997	0.05	45
11/25/1997	0.11	45
11/28/1997	0.15	47.5
11/29/1997	0.37	48.5
11/30/1997	0.04	45.5
12/7/1997	0.14	40.5
12/9/1997	0.09	38
12/10/1997	0.06	45
12/15/1997	0.41	42.5
12/16/1997	1.32	48.5
12/17/1997	0.22	43.5
12/19/1997	0.02	39
12/20/1997	0.18	39.5
12/22/1997	0.08	35.5
12/23/1997	0.02	39.5
12/26/1997	0.04	36
12/27/1997	0.03	41
12/31/1997	0.02	42
1/1/1998	0.58	43.5
1/3/1998	0.11	36.5
1/4/1998	0.31	38.5
1/5/1998	0.95	41
1/6/1998	0.37	43.5
1/7/1998	0.3	39.5
1/12/1998	0.22	29.5
1/13/1998	0.16	41.5
1/14/1998	0.8	45
1/15/1998	0.05	43
1/16/1998	0.52	44.5
1/17/1998	0.18	46.5
1/18/1998	0.39	51
1/19/1998	0.02	45.5
1/20/1998	0.07	42.5
1/21/1998	0.31	41
1/22/1998	0.19	42.5
1/23/1998	0.88	48
1/24/1998	0.27	48
1/25/1998	0.19	46.5
1/26/1998	0.01	48
1/28/1998	0.04	51
1/29/1998	0.23	52
2/1/1998	0.08	50.5
2/2/1998	0.1	45.5
2/3/1998	0.04	44.5
2/4/1998	0.11	47
2/5/1998	0.03	49.5
2/8/1998	0.18	46.5
2/10/1998	0.16	44
2/11/1998	0.09	45
2/12/1998	0.68	48
2/13/1998	0.07	44.5
2/14/1998	0.06	46
2/15/1998	0.07	44
2/17/1998	0.13	48
2/18/1998	0.27	47
2/19/1998	0.08	48
2/20/1998	0.25	46.5
2/21/1998	0.13	44.5
2/22/1998	0.03	42
2/25/1998	0.16	42.5
2/28/1998	0.59	45
3/1/1998	0.59	45
3/2/1998	0.17	42.5
3/3/1998	0.05	39.5
3/8/1998	0.19	44.5
3/9/1998	0.7	44
3/10/1998	0.15	44.5
3/12/1998	0.01	59.5
3/15/1998	0.06	51.5
3/16/1998	0.04	47
3/21/1998	0.19	48
3/22/1998	0.79	53
3/23/1998	0.43	51.5
3/24/1998	0.25	50.5
3/25/1998	0.16	51
3/30/1998	0.06	43
3/31/1998	0.12	45
4/3/1998	0.03	47.5
4/7/1998	0.1	44
4/9/1998	0.03	47.5
4/10/1998	0.09	48
4/11/1998	0.14	45.5
4/12/1998	0.02	45.5
4/23/1998	0.5	48.5
4/24/1998	0.08	49.5
5/3/1998	0.01	60
5/9/1998	0.04	51
5/13/1998	0.02	49.5
5/14/1998	0.23	49.5
5/24/1998	0.65	55.5
5/25/1998	0.14	51.5
5/26/1998	0.37	48
5/27/1998	0.52	50.5
6/9/1998	0.05	59
6/10/1998	0.27	56
6/15/1998	0.18	54.5
6/18/1998	0.08	55
6/23/1998	0.03	60.5
6/24/1998	0.5	56.5
7/2/1998	0.02	64
7/3/1998	0.06	60
7/4/1998	0.1	59.5
7/11/1998	0.06	62.5
7/14/1998	0.05	64
7/15/1998	0.11	64.5
7/30/1998	0.01	66
8/15/1998	0.14	63.5
8/16/1998	0.2	61
8/23/1998	0.01	62
9/17/1998	0.02	62.5
9/18/1998	0.14	63.5
9/24/1998	0.1	55
9/25/1998	0.46	54.5
10/1/1998	0.08	57
10/2/1998	0.01	54
10/3/1998	0.35	54
10/8/1998	0.54	54
10/9/1998	0.1	52
10/10/1998	0.09	52.5
10/12/1998	0.7	54
10/13/1998	0.28	55.5
10/14/1998	0.41	51.5
10/17/1998	0.14	48.5
10/24/1998	0.03	51.5
10/25/1998	0.01	53
10/27/1998	0.55	51
10/31/1998	0.19	47.5
11/1/1998	0.05	50.5
11/2/1998	0.08	52
11/3/1998	0.13	49
11/4/1998	1.35	51.5
11/5/1998	0.26	47.5
11/8/1998	0.02	44
11/9/1998	0.06	45.5
11/11/1998	0.25	47
11/12/1998	0.49	49.5
11/13/1998	0.49	50
11/14/1998	0.43	51.5
11/15/1998	0.2	51.5
11/16/1998	0.13	47.5
11/19/1998	0.47	43
11/20/1998	1.28	49.5
11/21/1998	0.74	45
11/22/1998	0.24	43
11/23/1998	0.17	46
11/24/1998	0.29	46.5
11/25/1998	3.04	48
11/26/1998	0.75	46
11/27/1998	0.05	43.5
11/29/1998	0.4	41
11/30/1998	0.25	43
12/1/1998	0.69	43
12/2/1998	0.21	42.5
12/4/1998	0.01	39
12/5/1998	0.1	39.5
12/7/1998	0.34	41
12/8/1998	0.02	40
12/10/1998	0.16	44
12/11/1998	0.91	44.5
12/12/1998	0.96	52
12/13/1998	1.08	47
12/15/1998	0.02	43
12/17/1998	0.11	42.5
12/24/1998	0.45	35
12/25/1998	1.06	44.5
12/26/1998	0.07	42
12/27/1998	1.53	46
12/28/1998	0.12	50
12/29/1998	0.96	49.5
12/31/1998	0.18	45.5
1/6/1999	0.12	43
1/7/1999	0.01	44
1/9/1999	0.14	42.5
1/10/1999	0.16	48
1/12/1999	0.01	44.5
1/13/1999	0.26	42.5
1/14/1999	0.92	47
1/15/1999	0.25	43.5
1/16/1999	0.16	42.5
1/17/1999	0.81	42.5
1/18/1999	0.65	45.5
1/19/1999	0.45	45
1/20/1999	0.18	47
1/21/1999	0.19	43
1/22/1999	0.44	40.5
1/23/1999	0.18	37.5
1/26/1999	0.02	37.5
1/27/1999	0.38	40.5
1/28/1999	0.78	42.5
1/29/1999	0.16	44
1/30/1999	0.2	37
1/31/1999	0.37	38.5
2/1/1999	0.41	40.5
2/2/1999	0.27	44.5
2/3/1999	0.27	42
2/4/1999	0.04	43.5
2/5/1999	0.12	41
2/6/1999	0.48	45.5
2/7/1999	0.52	40
2/8/1999	0.26	38
2/9/1999	0.01	34.5
2/10/1999	0.01	36.5
2/13/1999	0.26	43.5
2/15/1999	0.03	41.5
2/16/1999	0.3	45.5
2/17/1999	0.07	41.5
2/18/1999	0.54	43
2/19/1999	0.09	43
2/20/1999	0.02	42
2/21/1999	0.03	44.5
2/22/1999	0.44	46
2/23/1999	0.61	44
2/24/1999	0.74	48.5
2/25/1999	0.01	43
2/26/1999	0.04	41.5
2/27/1999	1.04	44
2/28/1999	0.34	44
3/1/1999	0.32	41
3/2/1999	0.15	41
3/3/1999	0.2	42
3/4/1999	0.09	40.5
3/8/1999	0.27	46
3/12/1999	0.67	44.5
3/13/1999	0.56	49.5
3/14/1999	0.21	45.5
3/15/1999	0.06	40.5
3/17/1999	0.02	46
3/18/1999	0.02	46
3/21/1999	0.1	51
3/22/1999	0.15	54.5
3/24/1999	0.27	47
3/25/1999	0.08	44.5
3/26/1999	0.02	41.5
3/27/1999	0.04	40.5
3/28/1999	0.26	39.5
3/29/1999	0.17	43
4/2/1999	0.19	43.5
4/3/1999	0.12	40.5
4/4/1999	0.06	40.5
4/5/1999	0.01	43.5
4/7/1999	0.1	45
4/8/1999	0.04	43
4/10/1999	0.08	47
4/12/1999	0.02	48.5
4/19/1999	0.21	46
4/20/1999	0.17	47
4/25/1999	0.18	49.5
4/26/1999	0.01	44.5
4/27/1999	0.21	46
4/30/1999	0.09	53
5/1/1999	0.05	49
5/2/1999	0.2	46
5/3/1999	0.18	47.5
5/6/1999	0.1	49.5
5/7/1999	0.19	43
5/9/1999	0.09	45.5
5/11/1999	0.18	50
5/12/1999	0.22	48
5/13/1999	0.04	47.5
5/16/1999	0.06	51
5/17/1999	0.65	52
5/18/1999	0.04	53.5
5/25/1999	0.11	54.5
5/31/1999	0.01	55
6/5/1999	0.07	52
6/8/1999	0.09	53
6/18/1999	0.02	58.5
6/20/1999	0.17	57.5
6/21/1999	0.09	57
6/22/1999	0.06	56.5
6/23/1999	0.29	61
6/24/1999	1	59
6/28/1999	0.04	54.5
6/29/1999	0.02	58.5
6/30/1999	0.01	60
7/2/1999	0.32	55
7/3/1999	0.03	55.5
7/16/1999	0.64	58
7/17/1999	0.17	55.5
7/24/1999	0.02	60.5
8/3/1999	0.21	65.5
8/4/1999	0.06	67
8/5/1999	0.05	67.5
8/6/1999	0.25	65.5
8/7/1999	0.07	64.5
8/13/1999	0.02	62
8/15/1999	0.17	58
8/29/1999	0.06	58
8/30/1999	0.03	57.5
9/5/1999	0.02	62
9/23/1999	0.07	54.5
9/24/1999	0.08	54.5
10/6/1999	0.01	58
10/7/1999	0.22	55.5
10/8/1999	0.64	53.5
10/9/1999	0.01	52.5
10/11/1999	0.09	50
10/12/1999	0.01	53.5
10/13/1999	0.02	54
10/23/1999	0.03	50
10/25/1999	0.14	49.5
10/27/1999	0.3	47
10/28/1999	0.25	51
10/29/1999	0.06	49
10/30/1999	0.39	53
10/31/1999	0.09	48
11/3/1999	0.06	46
11/5/1999	0.29	42
11/6/1999	0.38	54.5
11/8/1999	0.27	51.5
11/9/1999	0.83	51.5
11/10/1999	0.54	50
11/11/1999	1.06	54.5
11/12/1999	1.52	49.5
11/13/1999	0.29	48.5
11/15/1999	0.08	52
11/16/1999	0.47	52
11/17/1999	0.14	46
11/19/1999	0.28	50.5
11/20/1999	0.82	43.5
11/21/1999	0.09	43
11/22/1999	0.17	43.5
11/23/1999	0.02	45
11/24/1999	0.32	47.5
11/25/1999	1.03	44.5
11/26/1999	0.13	43
11/27/1999	0.3	41.5
11/29/1999	0.21	49.5
11/30/1999	0.3	47.5
12/1/1999	0.23	46
12/2/1999	0.34	43
12/4/1999	0.19	43.5
12/5/1999	0.17	45.5
12/6/1999	0.39	46
12/8/1999	0.3	42
12/9/1999	0.15	44
12/10/1999	0.01	43.5
12/11/1999	0.04	48
12/12/1999	0.86	42.5
12/13/1999	0.12	39
12/14/1999	0.14	43.5
12/15/1999	1.4	50
12/16/1999	0.09	46.5
12/17/1999	0.35	47
12/19/1999	0.08	42.5
12/30/1999	0.02	41
12/31/1999	0.18	40.5
1/1/2000	0.27	40
1/3/2000	0.28	41.5
1/4/2000	0.3	46
1/6/2000	0.03	37
1/7/2000	0.21	43
1/8/2000	0.32	41
1/9/2000	0.19	39.5
1/10/2000	0.19	35
1/11/2000	0.06	35.5
1/12/2000	0.21	35
1/13/2000	0.1	38
1/14/2000	0.29	40.5
1/16/2000	0.28	43
1/17/2000	0.01	42
1/19/2000	0.09	36.5
1/20/2000	0.14	41
1/21/2000	0.19	43.5
1/22/2000	0.02	41.5
1/25/2000	0.1	43
1/30/2000	0.03	43
1/31/2000	0.46	43.5
2/1/2000	1.34	45
2/5/2000	0.06	46
2/7/2000	0.34	47.5
2/8/2000	0.74	45
2/9/2000	0.01	43.5
2/13/2000	0.01	40
2/14/2000	0.5	39
2/15/2000	0.01	42.5
2/21/2000	0.19	45.5
2/22/2000	0.61	44
2/25/2000	0.27	41
2/26/2000	0.25	44.5
2/27/2000	0.17	47
2/28/2000	0.11	44.5
2/29/2000	0.64	47
3/2/2000	0.37	46.5
3/3/2000	0.34	46
3/4/2000	0.39	40
3/8/2000	0.04	44.5
3/9/2000	0.05	45.5
3/10/2000	0.1	45.5
3/11/2000	0.03	43.5
3/13/2000	0.46	50
3/14/2000	0.03	43
3/15/2000	0.04	42
3/16/2000	0.22	45.5
3/17/2000	0.05	43
3/18/2000	0.18	45
3/22/2000	0.44	46
3/27/2000	0.06	46
3/28/2000	0.01	44
3/29/2000	0.01	43.5
4/5/2000	0.02	44.5
4/6/2000	0.12	44.5
4/13/2000	0.35	54
4/14/2000	0.14	49
4/15/2000	0.13	51
4/21/2000	0.1	55
4/22/2000	0.01	49
4/23/2000	0.1	44.5
4/25/2000	0.34	47.5
4/27/2000	0.07	51.5
4/28/2000	0.1	46.5
5/1/2000	0.16	55
5/2/2000	0.02	56
5/3/2000	0.24	50.5
5/4/2000	0.24	49
5/5/2000	0.08	47.5
5/8/2000	0.12	50
5/9/2000	0.74	48
5/10/2000	0.61	47.5
5/18/2000	0.4	55
5/21/2000	0.09	60
5/26/2000	0.18	54.5
5/27/2000	0.17	56.5
5/28/2000	0.07	55
5/29/2000	0.08	54.5
5/30/2000	0.03	50
5/31/2000	0.04	53
6/5/2000	0.01	60
6/6/2000	0.1	57
6/7/2000	0.05	54.5
6/8/2000	0.15	56.5
6/9/2000	0.1	53.5
6/10/2000	0.06	53
6/11/2000	0.56	51
6/12/2000	0.55	57
6/18/2000	0.01	56.5
6/24/2000	0.01	61
6/30/2000	0.01	60
7/1/2000	0.04	59.5
7/2/2000	0.06	58
7/3/2000	0.02	56.5
7/22/2000	0.11	59.5
8/18/2000	0.28	59.5
8/25/2000	0.01	65.5
8/26/2000	0.01	61.5
8/29/2000	0.03	59.5
9/2/2000	0.04	58
9/3/2000	0.02	60
9/6/2000	0.01	60.5
9/7/2000	0.07	54.5
9/8/2000	0.07	58
9/9/2000	0.18	56.5
9/10/2000	0.3	56
9/18/2000	0.01	65
9/19/2000	0.04	64.5
9/20/2000	0.04	58.5
9/29/2000	0.08	60.5
9/30/2000	0.26	57.5
10/1/2000	0.02	54
10/9/2000	0.45	54
10/10/2000	0.01	53
10/13/2000	0.06	54.5
10/16/2000	0.62	52.5
10/17/2000	0.32	58
10/19/2000	0.49	49.5
10/20/2000	0.79	52
10/27/2000	0.15	51
10/28/2000	0.07	50.5
10/29/2000	0.01	51
10/31/2000	0.01	47.5
11/4/2000	0.15	49.5
11/5/2000	0.04	46.5
11/6/2000	0.14	46.5
11/8/2000	0.85	43
11/9/2000	0.1	42
11/23/2000	0.38	41
11/24/2000	0.01	44.5
11/25/2000	0.18	42.5
11/26/2000	1.12	46
11/29/2000	0.25	44.5
11/30/2000	0.05	48
12/1/2000	0.04	47
12/2/2000	0.18	44
12/8/2000	0.02	37.5
12/9/2000	0.06	39.5
12/14/2000	0.26	37
12/16/2000	0.75	43.5
12/20/2000	0.06	37
12/21/2000	0.08	44
12/22/2000	0.27	42
12/23/2000	0.24	43.5
12/25/2000	0.04	45.5
12/26/2000	0.06	47.5
12/27/2000	0.01	44.5
12/29/2000	0.1	40.5
12/30/2000	0.06	46.5
12/31/2000	0.28	44
1/3/2001	0.36	44.5
1/4/2001	0.6	50
1/5/2001	0.21	46
1/8/2001	0.05	44
1/9/2001	0.03	41
1/13/2001	0.06	39
1/14/2001	0.01	39
1/17/2001	0.08	34
1/18/2001	0.16	41
1/19/2001	0.04	42.5
1/20/2001	0.01	42.5
1/21/2001	0.76	42.5
1/24/2001	0.07	43
1/28/2001	0.16	35.5
1/29/2001	0.09	42
1/30/2001	0.01	42
2/1/2001	0.06	43
2/2/2001	0.29	41.5
2/3/2001	0.17	42
2/4/2001	0.37	46
2/6/2001	0.04	37
2/8/2001	0.27	34
2/15/2001	0.17	37
2/16/2001	0.44	35
2/17/2001	0.06	42
2/18/2001	0.07	43.5
2/21/2001	0.13	47.5
3/1/2001	0.23	40.5
3/7/2001	0.07	52
3/8/2001	0.13	47
3/9/2001	0.04	45
3/13/2001	0.13	44.5
3/15/2001	0.32	41.5
3/17/2001	0.01	45.5
3/18/2001	0.58	48.5
3/19/2001	0.01	43.5
3/24/2001	0.21	52
3/25/2001	0.25	47.5
3/26/2001	0.16	43.5
3/27/2001	0.41	42.5
3/28/2001	0.02	45.5
3/30/2001	0.07	47.5
3/31/2001	0.09	47
4/1/2001	0.21	43.5
4/2/2001	0.29	40
4/5/2001	0.2	45
4/6/2001	0.06	42.5
4/10/2001	0.78	41
4/12/2001	0.06	42.5
4/16/2001	0.24	55
4/17/2001	0.23	49.5
4/18/2001	0.1	50
4/22/2001	0.05	47
4/23/2001	0.03	52.5
4/27/2001	0.03	51
4/28/2001	0.13	47
4/29/2001	0.18	48.5
4/30/2001	0.57	47.5
5/1/2001	0.01	48
5/4/2001	0.08	50
5/5/2001	0.01	48.5
5/12/2001	0.01	58
5/13/2001	0.05	56
5/14/2001	0.54	50
5/15/2001	0.56	53
5/16/2001	0.01	51.5
5/28/2001	0.12	50.5
6/1/2001	0.18	53.5
6/2/2001	0.48	52
6/3/2001	0.01	51.5
6/5/2001	0.05	54.5
6/6/2001	0.03	57.5
6/8/2001	0.1	64
6/9/2001	0.11	55
6/10/2001	0.09	54
6/11/2001	1.16	49
6/12/2001	0.06	51
6/24/2001	0.16	53.5
6/26/2001	0.01	63.5
6/27/2001	0.61	61
7/15/2001	0.11	55.5
7/16/2001	0.65	58.5
7/21/2001	0.01	59
7/24/2001	0.01	64
7/27/2001	0.07	60.5
7/28/2001	0.18	60
8/2/2001	0.07	66
8/3/2001	0.05	63
8/21/2001	0.59	59.5
8/22/2001	1.41	60.5
8/23/2001	0.2	58.5
9/1/2001	0.03	62
9/3/2001	0.03	61.5
9/17/2001	0.02	54.5
9/18/2001	0.04	57
9/21/2001	0.05	58.5
9/25/2001	0.36	57.5
9/26/2001	0.3	54
10/6/2001	0.02	55
10/7/2001	0.02	51.5
10/8/2001	0.01	52
10/10/2001	0.3	48
10/12/2001	0.04	52
10/13/2001	0.04	51
10/14/2001	0.04	52.5
10/16/2001	0.15	49.5
10/19/2001	0.05	52
10/21/2001	0.24	48
10/22/2001	0.15	51
10/23/2001	0.01	49.5
10/24/2001	0.4	46
10/25/2001	0.13	50
10/26/2001	0.42	51
10/27/2001	0.4	41.5
10/29/2001	0.01	44
10/30/2001	0.26	50
10/31/2001	0.44	49.5
11/1/2001	0.07	50
11/2/2001	0.1	49
11/3/2001	0.01	48
11/4/2001	0.41	48
11/11/2001	0.05	50
11/12/2001	0.42	51
11/13/2001	1.19	52
11/14/2001	2.61	56
11/15/2001	0.23	54
11/16/2001	0.1	47.5
11/19/2001	0.8	51.5
11/20/2001	0.4	52
11/21/2001	0.16	48.5
11/22/2001	1.14	45.5
11/25/2001	0.05	41
11/28/2001	0.82	39
11/29/2001	0.25	43
11/30/2001	0.45	42
12/1/2001	0.39	46.5
12/2/2001	0.22	41
12/3/2001	0.19	40.5
12/4/2001	0.18	38.5
12/5/2001	0.2	38
12/6/2001	0.18	42
12/8/2001	0.04	45
12/9/2001	0.08	38.5
12/10/2001	0.19	38.5
12/11/2001	0.03	40
12/12/2001	0.29	41
12/13/2001	1.63	47
12/15/2001	0.52	42
12/16/2001	1.21	47
12/18/2001	0.09	41
12/19/2001	0.11	37.5
12/20/2001	0.04	38.5
12/27/2001	0.1	44.5
12/28/2001	0.04	46
12/31/2001	0.16	44
1/1/2002	0.61	45.5
1/2/2002	0.03	46
1/5/2002	0.19	46
1/6/2002	0.9	49.5
1/7/2002	1.13	55
1/8/2002	0.25	49
1/11/2002	0.04	46.5
1/12/2002	0.25	44.5
1/18/2002	0.18	37
1/19/2002	0.1	40
1/20/2002	0.24	42
1/23/2002	0.05	39.5
1/24/2002	1.21	43
1/25/2002	0.25	38
1/26/2002	0.07	34.5
1/27/2002	0.13	32
1/29/2002	0.07	29.5
1/30/2002	0.03	37
1/31/2002	0.25	39
2/1/2002	0.01	41.5
2/2/2002	0.01	42
2/3/2002	0.03	42
2/5/2002	0.16	40
2/6/2002	0.47	45.5
2/7/2002	0.69	41.5
2/10/2002	0.01	43
2/16/2002	0.07	44
2/17/2002	0.05	42.5
2/18/2002	0.1	46
2/19/2002	0.33	43.5
2/20/2002	0.04	42.5
2/21/2002	0.95	49.5
2/22/2002	0.71	48.5
2/23/2002	0.5	40
2/24/2002	0.01	36.5
2/27/2002	0.02	36.5
2/28/2002	0.01	40
3/5/2002	0.01	41
3/9/2002	0.05	42.5
3/10/2002	0.11	45
3/11/2002	1.01	47
3/12/2002	0.44	41.5
3/13/2002	0.03	41
3/15/2002	0.13	38.5
3/16/2002	0.34	34
3/18/2002	0.13	36.5
3/19/2002	0.37	39.5
3/20/2002	0.17	34
3/23/2002	0.02	49
3/24/2002	0.01	48.5
4/1/2002	0.01	46
4/7/2002	0.02	46
4/9/2002	0.84	51.5
4/10/2002	0.44	50.5
4/11/2002	0.18	53
4/12/2002	0.22	53.5
4/13/2002	1.45	53
4/14/2002	0.17	46
4/15/2002	0.07	43.5
4/16/2002	0.19	43
4/21/2002	0.05	45.5
4/22/2002	0.01	46
4/26/2002	0.29	44.5
4/27/2002	0.35	47
5/2/2002	0.03	47.5
5/6/2002	0.09	42.5
5/13/2002	0.11	52.5
5/16/2002	0.14	54.5
5/17/2002	0.06	53
5/18/2002	0.01	56.5
5/19/2002	0.11	53.5
5/20/2002	0.1	56
5/21/2002	0.06	54
5/22/2002	0.08	54.5
5/25/2002	0.01	59
5/27/2002	0.09	60
5/28/2002	0.21	59.5
5/29/2002	0.01	56.5
6/4/2002	0.04	59
6/5/2002	0.07	60
6/6/2002	0.01	55.5
6/7/2002	0.28	49.5
6/8/2002	0.01	50.5
6/17/2002	0.29	57.5
6/18/2002	0.08	57.5
6/27/2002	0.14	61.5
6/28/2002	0.79	57.5
6/29/2002	0.02	60
7/7/2002	0.58	61.5
7/26/2002	0.03	59.5
7/28/2002	0.01	59.5
7/30/2002	0.02	63
8/4/2002	0.01	59.5
8/5/2002	0.02	60
8/25/2002	0.01	61.5
9/2/2002	0.08	63.5
9/8/2002	0.01	55
9/16/2002	0.13	60
9/17/2002	0.05	58.5
9/29/2002	0.15	55
10/3/2002	0.49	54.5
10/4/2002	0.01	56.5
10/5/2002	0.02	55
10/8/2002	0.01	55.5
10/9/2002	0.02	54.5
10/10/2002	0.03	50
10/19/2002	0.03	55
10/29/2002	0.06	46.5
11/6/2002	0.6	50
11/7/2002	0.29	52.5
11/8/2002	0.17	50
11/9/2002	0.47	49.5
11/10/2002	0.09	47.5
11/11/2002	0.11	51.5
11/12/2002	0.62	53
11/13/2002	0.18	51
11/14/2002	0.08	48.5
11/15/2002	0.01	46
11/16/2002	0.42	47
11/18/2002	0.23	49
11/19/2002	0.24	53.5
12/4/2002	0.13	44.5
12/9/2002	0.12	41
12/10/2002	0.38	45
12/11/2002	0.54	47
12/12/2002	0.61	50.5
12/13/2002	0.19	48
12/14/2002	1.31	52.5
12/15/2002	0.29	48.5
12/16/2002	0.76	44
12/17/2002	0.51	40.5
12/18/2002	0.08	41
12/19/2002	0.03	43.5
12/24/2002	0.15	38.5
12/25/2002	0.21	46.5
12/27/2002	0.19	44.5
12/28/2002	0.06	39
12/29/2002	0.18	39
12/30/2002	0.15	41
12/31/2002	0.09	42.5
1/1/2003	0.95	43.5
1/2/2003	0.78	50.5
1/3/2003	0.02	50
1/4/2003	0.57	50
1/11/2003	0.24	43.5
1/12/2003	0.44	45
1/13/2003	0.41	46
1/21/2003	0.55	42.5
1/22/2003	0.81	47
1/23/2003	0.77	50.5
1/24/2003	0.43	48.5
1/25/2003	0.47	50
1/26/2003	0.71	50.5
1/27/2003	0.19	47.5
1/28/2003	0.01	45.5
1/29/2003	0.41	44
1/30/2003	0.52	51
1/31/2003	0.11	50
2/1/2003	0.01	46
2/2/2003	0.01	45.5
2/3/2003	0.07	42.5
2/9/2003	0.01	35
2/15/2003	0.33	45.5
2/16/2003	0.71	46
2/17/2003	0.04	44
2/18/2003	0.01	43
2/19/2003	0.05	44.5
2/20/2003	0.05	46
2/21/2003	0.38	45.5
2/22/2003	0.02	44.5
2/28/2003	0.07	42.5
3/2/2003	0.23	40.5
3/7/2003	0.33	39.5
3/8/2003	0.13	39
3/9/2003	0.83	47
3/10/2003	0.08	50
3/11/2003	0.87	48
3/12/2003	0.99	50.5
3/13/2003	0.21	54.5
3/14/2003	0.06	52.5
3/15/2003	0.09	50.5
3/16/2003	0.14	46.5
3/18/2003	0.12	45.5
3/19/2003	0.24	46.5
3/20/2003	0.11	47.5
3/21/2003	0.82	46.5
3/22/2003	0.55	47
3/23/2003	0.08	44
3/24/2003	0.02	41
3/25/2003	0.05	49
3/26/2003	0.12	46
3/30/2003	0.18	56.5
3/31/2003	0.09	51
4/1/2003	0.17	43.5
4/2/2003	0.11	42
4/3/2003	0.25	42
4/5/2003	0.16	41
4/7/2003	0.24	48.5
4/8/2003	0.32	54
4/10/2003	0.02	52
4/11/2003	0.05	53
4/12/2003	0.06	50
4/13/2003	0.7	49.5
4/17/2003	0.02	48.5
4/20/2003	0.02	52.5
4/21/2003	0.19	48.5
4/22/2003	0.02	49.5
4/23/2003	0.22	46
4/24/2003	0.16	45
4/26/2003	0.01	49
4/29/2003	0.02	53.5
5/3/2003	0.05	49.5
5/4/2003	0.26	49
5/5/2003	0.09	47
5/6/2003	0.03	49.5
5/15/2003	0.02	47.5
5/16/2003	0.37	47.5
5/17/2003	0.06	47.5
5/20/2003	0.08	53.5
5/21/2003	0.01	58.5
5/22/2003	0.01	58.5
5/24/2003	0.01	60.5
5/25/2003	0.1	56.5
5/26/2003	0.02	57.5
5/30/2003	0.05	61
6/10/2003	0.02	56
6/13/2003	0.1	59
6/18/2003	0.06	58
6/20/2003	0.02	55
6/21/2003	0.22	55
6/22/2003	0.08	56
6/30/2003	0.01	62.5
7/13/2003	0.02	64.5
7/14/2003	0.04	67.5
8/5/2003	0.05	65.5
8/9/2003	0.14	65.5
8/10/2003	0.13	65.5
9/7/2003	0.22	61.5
9/8/2003	0.02	61
9/10/2003	0.12	60
9/11/2003	0.14	60
9/16/2003	0.2	53.5
9/17/2003	0.01	54.5
9/18/2003	0.02	59.5
9/19/2003	0.16	60
10/2/2003	0.01	57
10/6/2003	0.26	62
10/8/2003	0.27	56
10/9/2003	0.21	52.5
10/11/2003	0.32	51.5
10/12/2003	0.36	53.5
10/15/2003	0.37	48
10/16/2003	0.76	57
10/17/2003	0.39	62.5
10/19/2003	0.13	60.5
10/20/2003	5.02	60.5
10/21/2003	0.22	60.5
10/22/2003	0.31	58.5
10/29/2003	0.33	47
11/1/2003	0.11	36
11/2/2003	0.09	39
11/7/2003	0.01	41.5
11/10/2003	0.01	48.5
11/15/2003	0.26	47
11/16/2003	0.44	46.5
11/17/2003	0.73	47.5
11/18/2003	2.06	50.5
11/19/2003	0.83	45.5
11/20/2003	0.32	36
11/21/2003	0.17	35
11/23/2003	0.38	40
11/25/2003	0.15	43.5
11/27/2003	0.02	42.5
11/28/2003	1.01	47
11/29/2003	0.18	44.5
12/1/2003	0.05	41.5
12/2/2003	0.28	47
12/3/2003	0.05	41.5
12/4/2003	0.14	45
12/5/2003	0.44	48
12/6/2003	0.1	45.5
12/7/2003	0.18	42
12/8/2003	0.04	40
12/10/2003	0.22	42
12/11/2003	0.27	42.5
12/12/2003	0.22	43
12/13/2003	0.46	43.5
12/14/2003	0.07	39.5
12/15/2003	0.01	41.5
12/16/2003	0.07	46
12/19/2003	0.14	44.5
12/20/2003	0.13	46
12/21/2003	0.01	44.5
12/24/2003	0.42	46
12/27/2003	0.27	37
12/30/2003	0.12	29.5
12/31/2003	0.19	33.5
1/1/2004	0.27	33.5
1/2/2004	0.04	34
1/3/2004	0.02	29.5
1/6/2004	0.54	26.5
1/7/2004	0.65	34.5
1/8/2004	0.22	42
1/9/2004	0.15	47.5
1/10/2004	0.11	44
1/12/2004	0.16	41.5
1/13/2004	0.02	45.5
1/14/2004	0.64	49
1/15/2004	0.06	47.5
1/18/2004	0.19	45
1/22/2004	0.05	39.5
1/23/2004	0.65	44
1/24/2004	0.01	39
1/28/2004	0.49	46.5
1/29/2004	1.63	50.5
1/30/2004	0.17	45
1/31/2004	0.29	40
2/1/2004	0.01	40.5
2/2/2004	0.21	42
2/3/2004	0.06	44
2/4/2004	0.06	41.5
2/6/2004	0.24	44
2/13/2004	0.05	45.5
2/14/2004	0.34	44.5
2/15/2004	0.2	47
2/16/2004	0.5	46
2/17/2004	0.19	46
2/18/2004	0.03	48
2/23/2004	0.03	47
2/24/2004	0.07	47
2/25/2004	0.05	45
2/26/2004	0.21	46.5
2/27/2004	0.17	47
2/28/2004	0.02	45.5
3/3/2004	0.19	41.5
3/4/2004	0.11	44.5
3/5/2004	0.13	46
3/7/2004	0.25	49.5
3/9/2004	0.1	48
3/17/2004	0.04	48
3/18/2004	0.12	43
3/19/2004	0.03	43
3/22/2004	0.03	56.5
3/23/2004	0.02	49
3/24/2004	0.43	46.5
3/25/2004	0.46	46.5
3/26/2004	0.14	46.5
3/27/2004	0.02	48.5
3/30/2004	0.07	47
4/13/2004	0.04	54
4/14/2004	0.12	48.5
4/15/2004	0.01	48.5
4/16/2004	0.05	49.5
4/17/2004	0.01	51.5
4/18/2004	0.04	50.5
4/19/2004	0.18	50
4/20/2004	0.01	50
4/23/2004	0.08	52.5
4/27/2004	0.11	52.5
5/7/2004	0.19	55.5
5/8/2004	0.15	55
5/10/2004	0.09	49.5
5/11/2004	0.08	53
5/22/2004	0.05	54.5
5/25/2004	0.13	61.5
5/26/2004	0.5	58.5
5/27/2004	0.61	55
5/28/2004	0.71	53.5
6/5/2004	0.04	59
6/6/2004	0.1	58
6/7/2004	0.06	55.5
6/8/2004	0.16	62
6/9/2004	0.08	60.5
6/11/2004	0.02	55
6/12/2004	0.16	54
6/13/2004	0.06	58
6/14/2004	0.03	56.5
7/6/2004	0.01	63
7/7/2004	0.01	60.5
7/9/2004	0.02	62
7/10/2004	0.12	62.5
8/3/2004	0.01	66.5
8/6/2004	0.57	61.5
8/7/2004	0.3	65.5
8/21/2004	0.2	66
8/22/2004	0.54	61
8/24/2004	1	62
8/25/2004	0.32	62
8/26/2004	0.06	64
9/1/2004	0.17	61.5
9/8/2004	0.14	61.5
9/10/2004	0.64	61.5
9/11/2004	0.12	63
9/12/2004	0.6	59.5
9/13/2004	0.28	59
9/14/2004	0.06	59
9/15/2004	0.03	57.5
9/16/2004	0.31	58
9/17/2004	0.2	55.5
9/18/2004	0.1	52.5
9/22/2004	0.15	54.5
10/5/2004	0.21	56.5
10/6/2004	0.03	58.5
10/8/2004	1.07	56
10/9/2004	0.08	54.5
10/15/2004	0.01	57.5
10/16/2004	0.41	53.5
10/17/2004	0.6	52
10/18/2004	0.09	50
10/19/2004	0.2	54
10/22/2004	0.02	50
10/29/2004	0.06	49
10/30/2004	0.02	50
11/1/2004	0.27	49.5
11/2/2004	0.89	50
11/14/2004	0.04	50
11/15/2004	0.16	50
11/16/2004	0.08	48
11/17/2004	0.26	43
11/18/2004	0.14	46
11/22/2004	0.02	45
11/23/2004	0.34	47.5
11/24/2004	0.51	53
11/25/2004	0.13	46
11/26/2004	0.08	40.5
11/27/2004	0.01	42.5
11/29/2004	0.15	34
11/30/2004	0.08	41
12/4/2004	0.25	43
12/5/2004	0.02	39.5
12/6/2004	0.26	42
12/7/2004	0.5	42
12/8/2004	0.53	46
12/9/2004	0.82	44.5
12/10/2004	0.69	54.5
12/11/2004	0.17	44.5
12/13/2004	0.32	48.5
12/14/2004	0.12	50
12/19/2004	0.1	44
12/25/2004	0.36	42
12/26/2004	0.04	42
12/29/2004	0.18	39.5
12/30/2004	0.01	40
1/1/2005	0.05	41
1/6/2005	0.17	33
1/7/2005	0.08	39
1/8/2005	0.02	38.5
1/9/2005	0.04	34.5
1/15/2005	0.19	31.5
1/16/2005	0.09	38
1/17/2005	2.39	48
1/18/2005	0.92	56.5
1/20/2005	0.15	51.5
1/21/2005	0.02	55
1/22/2005	0.17	52.5
1/26/2005	0.04	45
1/27/2005	0.07	47
1/28/2005	0.01	47.5
1/30/2005	0.01	46
1/31/2005	0.02	48
2/4/2005	0.12	45.5
2/6/2005	0.75	40
2/12/2005	0.09	43.5
2/28/2005	0.24	51.5
3/1/2005	0.12	52.5
3/2/2005	0.04	50
3/9/2005	0.01	53
3/16/2005	0.14	45
3/19/2005	0.34	46
3/20/2005	0.1	47.5
3/21/2005	0.07	43
3/26/2005	1.51	46.5
3/27/2005	0.64	48
3/28/2005	0.4	44
3/29/2005	0.13	45.5
3/31/2005	0.21	48
4/1/2005	0.34	46.5
4/2/2005	0.1	46.5
4/3/2005	0.4	46.5
4/5/2005	0.07	50
4/7/2005	0.2	47
4/10/2005	0.28	45
4/11/2005	0.4	43.5
4/12/2005	0.06	42.5
4/15/2005	0.39	45.5
4/16/2005	0.59	49
4/17/2005	0.03	47
4/18/2005	0.01	50
4/23/2005	0.12	58
4/24/2005	0.03	58
4/28/2005	0.16	58.5
4/29/2005	0.45	52
4/30/2005	0.05	55.5
5/2/2005	0.04	56.5
5/4/2005	0.02	59
5/8/2005	0.09	54.5
5/9/2005	0.49	54.5
5/10/2005	0.14	57
5/14/2005	0.14	61.5
5/15/2005	0.47	57.5
5/16/2005	0.01	55.5
5/17/2005	0.09	53
5/18/2005	0.72	58
5/19/2005	0.46	55
5/20/2005	0.24	53.5
5/21/2005	0.23	53
5/22/2005	0.08	53
5/31/2005	0.1	57.5
6/1/2005	0.03	58.5
6/5/2005	0.01	56
6/7/2005	0.1	55.5
6/8/2005	0.03	56
6/11/2005	0.54	56.5
6/12/2005	0.01	57.5
6/13/2005	0.07	57.5
6/16/2005	0.52	62
6/17/2005	0.06	61.5
6/21/2005	0.08	63
6/22/2005	0.01	58
6/25/2005	0.02	63.5
6/26/2005	0.1	59
6/27/2005	0.05	58.5
7/5/2005	0.32	64.5
7/6/2005	0.04	63
7/8/2005	0.4	57.5
7/11/2005	0.01	64.5
7/12/2005	0.01	64.5
7/22/2005	0.25	65
8/17/2005	0.05	65
8/28/2005	0.21	67
8/29/2005	0.03	62.5
9/10/2005	0.41	56.5
9/11/2005	0.01	59
9/15/2005	0.01	59
9/16/2005	0.05	57
9/29/2005	0.25	59.5
9/30/2005	0.02	56.5
10/1/2005	0.07	54
10/2/2005	0.34	49
10/6/2005	0.2	56
10/7/2005	0.05	55.5
10/8/2005	0.06	53.5
10/9/2005	0.01	56
10/10/2005	0.04	52.5
10/11/2005	0.17	56.5
10/12/2005	0.07	52
10/13/2005	0.04	55
10/14/2005	0.26	60.5
10/15/2005	0.05	56
10/17/2005	0.01	61
10/18/2005	0.02	54
10/19/2005	0.12	56
10/23/2005	0.15	53.5
10/25/2005	0.05	55
10/27/2005	0.03	46.5
10/28/2005	0.18	52
10/29/2005	0.06	49.5
10/30/2005	0.31	50
10/31/2005	0.73	51
11/1/2005	0.75	47.5
11/2/2005	0.17	48.5
11/3/2005	0.24	46
11/4/2005	0.41	44.5
11/5/2005	0.79	43
11/6/2005	0.04	44.5
11/7/2005	0.18	44.5
11/8/2005	0.04	44
11/10/2005	0.01	48
11/11/2005	0.43	42.5
11/12/2005	0.07	43
11/13/2005	0.87	46.5
11/14/2005	0.01	41.5
11/24/2005	0.03	38.5
11/25/2005	0.99	43
11/27/2005	0.11	38
11/28/2005	0.07	36.5
11/29/2005	0.31	37.5
12/1/2005	0.27	35
12/2/2005	0.07	34.5
12/3/2005	0.03	35
12/12/2005	0.03	39
12/13/2005	0.01	38
12/19/2005	0.16	42.5
12/20/2005	0.43	51
12/21/2005	0.4	52.5
12/22/2005	0.34	53.5
12/23/2005	0.93	53
12/24/2005	0.63	57.5
12/25/2005	0.81	54
12/26/2005	0.41	50
12/27/2005	0.47	50.5
12/28/2005	0.46	49
12/29/2005	0.35	46
12/30/2005	0.75	47.5
12/31/2005	0.3	49
1/1/2006	0.08	52
1/2/2006	0.31	45
1/3/2006	0.15	42.5
1/4/2006	0.01	48
1/5/2006	1.33	51.5
1/6/2006	0.26	53
1/7/2006	0.3	48
1/8/2006	0.1	44
1/9/2006	1.15	49
1/10/2006	0.94	50.5
1/11/2006	0.77	46.5
1/12/2006	0.57	46
1/13/2006	0.55	47.5
1/14/2006	0.26	42
1/16/2006	0.72	47
1/17/2006	0.12	49
1/18/2006	0.07	44
1/19/2006	0.16	45
1/20/2006	0.23	42.5
1/21/2006	0.12	45.5
1/23/2006	0.01	50
1/25/2006	0.08	45
1/26/2006	0.09	44.5
1/27/2006	0.22	44
1/28/2006	0.75	43.5
1/29/2006	1.24	46
1/30/2006	0.73	48.5
1/31/2006	0.33	45.5
2/1/2006	0.29	48
2/2/2006	0.3	47
2/3/2006	0.11	50.5
2/4/2006	0.41	47.5
2/8/2006	0.21	46
2/13/2006	0.32	43
2/23/2006	0.09	41
2/26/2006	0.04	44
2/27/2006	0.31	44.5
2/28/2006	0.47	41
3/2/2006	0.02	46
3/5/2006	0.03	49.5
3/6/2006	0.04	48.5
3/7/2006	0.04	44
3/8/2006	0.38	38
3/9/2006	0.1	37.5
3/10/2006	0.03	39.5
3/13/2006	0.01	43.5
3/14/2006	0.02	44.5
3/15/2006	0.06	43
3/16/2006	0.06	44
3/17/2006	0.07	42
3/18/2006	0.46	43
3/21/2006	0.04	46.5
3/22/2006	0.04	49.5
3/23/2006	0.01	54.5
3/24/2006	0.49	47.5
3/26/2006	0.04	44
3/28/2006	0.16	50.5
3/31/2006	0.08	52
4/1/2006	0.27	45
4/3/2006	0.14	52.5
4/8/2006	0.38	47.5
4/12/2006	0.06	52
4/13/2006	0.44	46.5
4/14/2006	0.15	43
4/15/2006	0.25	44
4/16/2006	0.07	46
4/20/2006	0.03	53.5
4/21/2006	0.36	47.5
4/29/2006	0.58	46.5
5/6/2006	0.03	52.5
5/8/2006	0.01	50
5/19/2006	0.09	58.5
5/21/2006	0.03	58.5
5/22/2006	0.24	55
5/23/2006	0.21	56.5
5/24/2006	0.23	57
5/25/2006	0.21	54
5/26/2006	0.14	54.5
5/27/2006	0.15	54.5
5/28/2006	0.22	54
5/31/2006	0.09	63
6/1/2006	0.75	62
6/2/2006	0.11	60.5
6/3/2006	0.02	61.5
6/4/2006	0.51	60.5
6/8/2006	0.05	57.5
6/9/2006	0.03	57.5
6/12/2006	0.07	64
6/13/2006	0.01	62
6/14/2006	0.02	59
6/16/2006	0.1	59
7/4/2006	0.02	64.5
7/12/2006	0.03	62.5
7/13/2006	0.01	62
8/9/2006	0.01	67.5
8/29/2006	0.01	61.5
9/9/2006	0.02	62.5
9/13/2006	0.03	57
9/14/2006	0.31	56.5
9/15/2006	0.06	56
9/16/2006	0.01	58
9/18/2006	0.39	61.5
9/19/2006	0.15	56
9/20/2006	0.29	53
9/21/2006	0.17	53.5
10/6/2006	0.02	54
10/14/2006	0.04	49
10/15/2006	0.43	52
10/16/2006	0.01	51.5
10/18/2006	0.28	51
10/19/2006	0.19	54.5
10/24/2006	0.03	48
10/29/2006	0.55	45.5
11/2/2006	1.05	45
11/3/2006	0.45	54
11/4/2006	1.91	54.5
11/5/2006	0.87	54.5
11/6/2006	3.29	57.5
11/7/2006	0.53	51.5
11/8/2006	0.26	49.5
11/9/2006	0.52	47
11/10/2006	0.79	45.5
11/11/2006	0.21	45.5
11/12/2006	1.07	45.5
11/13/2006	0.23	41
11/14/2006	0.01	42.5
11/15/2006	0.44	49
11/19/2006	0.46	48
11/20/2006	0.51	48
11/21/2006	0.51	45
11/22/2006	0.54	43.5
11/23/2006	0.64	40
11/26/2006	0.79	38
11/27/2006	0.18	31.5
11/29/2006	0.33	25.5
11/30/2006	0.04	37.5
12/1/2006	0.01	37
12/9/2006	0.19	44
12/10/2006	0.23	44.5
12/11/2006	0.84	48
12/12/2006	0.33	45
12/13/2006	0.26	46.5
12/14/2006	1.55	47
12/15/2006	0.02	41
12/19/2006	0.01	38
12/20/2006	0.37	40.5
12/21/2006	0.5	43.5
12/23/2006	0.62	41
12/24/2006	0.71	41
12/25/2006	0.06	44.5
12/26/2006	1.27	38
12/27/2006	0.33	36.5
1/1/2007	0.41	41
1/2/2007	1.77	50.5
1/3/2007	1.01	44
1/4/2007	0.15	36
1/5/2007	0.77	37
1/6/2007	0.03	40
1/7/2007	0.93	44.5
1/9/2007	0.16	42.5
1/10/2007	0.26	32
1/16/2007	0.18	31.5
1/17/2007	0.16	36
1/18/2007	0.16	39
1/19/2007	0.21	40
1/25/2007	0.02	38
2/3/2007	0.14	36.5
2/4/2007	0.16	47.5
2/6/2007	0.03	44.5
2/7/2007	0.09	47.5
2/8/2007	0.01	47.5
2/9/2007	0.09	49.5
2/10/2007	0.16	49
2/11/2007	0.22	49.5
2/13/2007	0.02	46
2/14/2007	0.16	43.5
2/15/2007	0.12	49.5
2/16/2007	0.01	47
2/17/2007	0.13	51
2/19/2007	0.74	43.5
2/20/2007	0.25	40
2/21/2007	0.05	42
2/22/2007	0.13	42.5
2/23/2007	0.01	39.5
2/24/2007	0.36	40
2/25/2007	0.2	42
2/26/2007	0.11	40.5
2/27/2007	0.15	36.5
2/28/2007	0.04	36.5
3/2/2007	0.23	37.5
3/3/2007	0.05	46.5
3/5/2007	0.06	52.5
3/7/2007	0.2	47.5
3/8/2007	0.2	46
3/9/2007	0.06	48
3/10/2007	0.36	52
3/11/2007	0.74	54.5
3/12/2007	0.1	47
3/13/2007	0.01	42.5
3/15/2007	0.01	40.5
3/17/2007	0.11	49.5
3/18/2007	0.02	54.5
3/19/2007	0.33	48
3/20/2007	0.1	43
3/22/2007	0.07	47.5
3/23/2007	0.17	49
3/24/2007	0.91	49
3/25/2007	0.01	47.5
3/26/2007	0.05	47.5
3/27/2007	0.29	44.5
3/30/2007	0.16	48.5
3/31/2007	0.18	45.5
4/7/2007	0.03	56.5
4/8/2007	0.1	53.5
4/9/2007	0.08	47
4/13/2007	0.09	47.5
4/14/2007	0.01	49.5
4/16/2007	0.04	47.5
4/17/2007	0.05	48
4/18/2007	0.01	48
4/21/2007	0.09	51.5
4/24/2007	0.1	52.5
4/30/2007	0.09	52.5
5/1/2007	0.05	50.5
5/2/2007	0.31	49.5
5/3/2007	0.01	49
5/4/2007	0.14	51
5/18/2007	0.01	59.5
5/19/2007	0.03	54.5
5/20/2007	0.56	50
5/21/2007	0.31	52.5
5/27/2007	0.04	52
6/4/2007	0.06	62
6/5/2007	0.04	57
6/6/2007	0.01	55.5
6/9/2007	0.28	55.5
6/13/2007	0.01	58.5
6/15/2007	0.15	59
6/17/2007	0.01	55
6/24/2007	0.38	54
6/28/2007	0.3	63.5
6/29/2007	0.1	59.5
7/13/2007	0.01	69
7/17/2007	0.04	64.5
7/18/2007	0.29	63
7/19/2007	0.05	64.5
7/20/2007	0.45	63
7/21/2007	0.29	67
7/22/2007	0.28	67
7/23/2007	0.03	64.5
8/3/2007	0.05	64.5
8/18/2007	0.2	64.5
8/19/2007	0.25	59.5
8/20/2007	0.16	61.5
8/21/2007	0.06	66
8/25/2007	0.01	63.5
9/3/2007	0.46	67.5
9/4/2007	0.66	62.5
9/16/2007	0.19	58
9/17/2007	0.22	56.5
9/21/2007	0.01	58.5
9/25/2007	0.02	54
9/27/2007	0.23	57.5
9/28/2007	0.09	53
9/29/2007	0.09	51.5
9/30/2007	1.19	52
10/1/2007	0.05	56
10/2/2007	0.8	52
10/3/2007	0.26	49.5
10/4/2007	0.07	50.5
10/6/2007	0.08	49.5
10/7/2007	0.22	56
10/9/2007	0.01	55.5
10/10/2007	0.05	53
10/12/2007	0.01	53.5
10/15/2007	0.09	52.5
10/16/2007	0.02	50
10/17/2007	0.32	49
10/18/2007	0.23	52.5
10/19/2007	0.73	48
10/20/2007	0.23	48.5
10/21/2007	0.03	51
10/24/2007	0.1	50
10/29/2007	0.02	47.5
11/1/2007	0.02	45
11/4/2007	0.06	47.5
11/7/2007	0.03	51.5
11/8/2007	0.01	52.5
11/9/2007	0.2	52
11/10/2007	0.14	47.5
11/11/2007	0.03	47
11/12/2007	0.56	48
11/14/2007	0.08	45
11/15/2007	1.09	50
11/16/2007	0.06	50.5
11/17/2007	0.47	47
11/18/2007	0.02	43
11/19/2007	0.39	41
11/20/2007	0.04	42
11/26/2007	0.33	37.5
11/28/2007	0.18	39.5
12/1/2007	0.25	34.5
12/2/2007	1.55	40.5
12/3/2007	3.77	52.5
12/4/2007	0.09	51
12/6/2007	0.02	40.5
12/10/2007	0.01	36.5
12/13/2007	0.15	39.5
12/14/2007	0.02	42.5
12/15/2007	0.18	43
12/16/2007	0.02	43
12/17/2007	0.17	41
12/18/2007	0.5	42
12/19/2007	0.82	42.5
12/20/2007	0.04	38
12/22/2007	0.36	40.5
12/23/2007	0.4	42.5
12/25/2007	0.1	34.5
12/27/2007	0.43	35.5
12/28/2007	0.09	40
12/29/2007	0.11	38.5
1/2/2008	0.4	41.5
1/3/2008	0.19	44.5
1/4/2008	0.03	47
1/5/2008	0.14	41.5
1/6/2008	0.19	37
1/7/2008	0.02	37
1/8/2008	0.57	38
1/9/2008	0.27	39
1/10/2008	0.62	43.5
1/11/2008	0.16	44
1/12/2008	0.33	45.5
1/14/2008	0.15	40
1/19/2008	0.14	38.5
1/20/2008	0.07	37
1/26/2008	0.35	32.5
1/28/2008	0.15	34
1/29/2008	0.08	37.5
1/30/2008	0.11	38.5
1/31/2008	0.29	39
2/3/2008	0.02	36.5
2/5/2008	0.17	41
2/6/2008	0.27	39
2/7/2008	0.04	43
2/8/2008	0.34	42.5
2/9/2008	0.06	48
2/10/2008	0.32	46
2/15/2008	0.01	40.5
2/22/2008	0.01	47.5
2/27/2008	0.08	47.5
2/28/2008	0.01	50.5
2/29/2008	0.14	50.5
3/1/2008	0.07	44.5
3/3/2008	0.07	44
3/6/2008	0.01	44
3/7/2008	0.02	46
3/10/2008	0.31	53.5
3/11/2008	0.08	43.5
3/13/2008	0.44	42
3/14/2008	0.35	43.5
3/15/2008	0.15	45.5
3/16/2008	0.11	42
3/17/2008	0.02	46.5
3/19/2008	0.05	45.5
3/20/2008	0.11	43
3/23/2008	0.64	42
3/25/2008	0.29	39
3/26/2008	0.28	39
3/28/2008	0.32	37.5
3/29/2008	0.3	39
3/31/2008	0.03	43.5
4/4/2008	0.13	44
4/5/2008	0.06	44.5
4/6/2008	0.11	46.5
4/7/2008	0.04	44.5
4/8/2008	0.06	44
4/10/2008	0.01	48.5
4/13/2008	0.08	50
4/14/2008	0.25	44.5
4/15/2008	0.01	42.5
4/17/2008	0.01	49.5
4/19/2008	0.15	39.5
4/20/2008	0.04	41
4/21/2008	0.03	43.5
4/22/2008	0.02	47.5
4/23/2008	0.17	49
4/27/2008	0.03	54.5
4/28/2008	0.34	54.5
4/29/2008	0.2	48
4/30/2008	0.16	48.5
5/3/2008	0.09	48.5
5/10/2008	0.01	53
5/11/2008	0.02	50
5/12/2008	0.01	50.5
5/13/2008	0.13	51
5/19/2008	0.1	65.5
5/20/2008	0.19	54
5/21/2008	0.1	52
5/23/2008	0.03	55
5/24/2008	0.04	63.5
5/25/2008	0.13	59.5
5/31/2008	0.04	56
6/2/2008	0.03	54.5
6/3/2008	0.58	53
6/4/2008	0.26	52.5
6/5/2008	0.19	50.5
6/6/2008	0.38	51
6/9/2008	0.17	49.5
6/10/2008	0.03	51
7/3/2008	0.25	64
7/29/2008	0.11	59.5
7/31/2008	0.12	61.5
8/1/2008	0.09	63
8/9/2008	0.29	62
8/18/2008	0.17	62
8/19/2008	0.48	65.5
8/20/2008	0.7	61.5
8/21/2008	0.02	62
8/24/2008	0.88	65
8/25/2008	0.07	61
8/26/2008	0.16	60
8/27/2008	0.01	60
9/20/2008	0.54	56
9/21/2008	0.02	59
9/22/2008	0.01	56
9/24/2008	0.12	55.5
9/25/2008	0.09	57.5
10/2/2008	0.07	62.5
10/3/2008	0.57	59.5
10/4/2008	0.07	56
10/5/2008	0.02	52
10/6/2008	0.32	55.5
10/7/2008	0.01	54
10/8/2008	0.01	50
10/13/2008	0.09	54.5
10/15/2008	0.09	45.5
10/16/2008	0.06	51
10/17/2008	0.15	56
10/20/2008	0.25	50.5
10/23/2008	0.11	48.5
10/31/2008	0.35	54.5
11/1/2008	0.15	56.5
11/2/2008	0.3	52.5
11/3/2008	0.32	49.5
11/4/2008	0.65	46
11/6/2008	2.15	51.5
11/7/2008	0.99	58
11/8/2008	0.12	57.5
11/9/2008	0.13	52.5
11/10/2008	0.05	51
11/11/2008	0.35	51
11/12/2008	0.88	54.5
11/13/2008	0.05	47
11/18/2008	0.01	47
11/20/2008	0.15	50
11/21/2008	0.06	47
11/25/2008	0.05	44
11/27/2008	0.01	41
11/28/2008	0.03	47.5
11/29/2008	0.01	52.5
11/30/2008	0.06	52.5
12/1/2008	0.16	52.5
12/2/2008	0.03	47
12/7/2008	0.09	46
12/9/2008	0.06	44
12/10/2008	0.05	46
12/12/2008	0.73	39.5
12/13/2008	0.34	36
12/14/2008	0.06	27
12/17/2008	0.05	32.5
12/18/2008	0.18	30
12/20/2008	0.16	20
12/21/2008	0.27	27.5
12/22/2008	0.02	30.5
12/24/2008	0.44	34
12/25/2008	0.2	34.5
12/26/2008	0.15	35
12/27/2008	0.29	40.5
12/28/2008	0.35	41
12/29/2008	0.26	39
12/30/2008	0.12	38.5
12/31/2008	0.09	40.5
1/1/2009	0.71	41
1/2/2009	0.12	35.5
1/4/2009	0.57	34
1/5/2009	0.04	40
1/6/2009	1.22	47.5
1/7/2009	2.29	51
1/8/2009	0.03	43.5
1/10/2009	0.14	41.5
1/11/2009	0.03	46
1/12/2009	0.08	47.5
1/24/2009	0.04	35
1/25/2009	0.02	32
1/27/2009	0.09	36
1/31/2009	0.02	39.5
2/5/2009	0.01	43.5
2/6/2009	0.04	41
2/8/2009	0.01	38
2/9/2009	0.06	37
2/10/2009	0.24	35
2/15/2009	0.05	39.5
2/22/2009	0.07	50
2/23/2009	0.23	50.5
2/24/2009	0.34	46
2/25/2009	0.25	38.5
2/26/2009	0.21	32
3/1/2009	0.3	50.5
3/2/2009	0.11	50.5
3/3/2009	0.24	48.5
3/4/2009	0.03	43
3/5/2009	0.05	39.5
3/7/2009	0.08	38
3/8/2009	0.32	35
3/9/2009	0.34	34
3/14/2009	0.49	41.5
3/15/2009	0.69	39.5
3/16/2009	0.29	39.5
3/17/2009	0.29	40.5
3/19/2009	0.08	46.5
3/20/2009	0.12	46
3/22/2009	0.01	44
3/23/2009	0.07	41.5
3/24/2009	0.01	44
3/25/2009	0.05	42.5
3/28/2009	0.38	38.5
3/29/2009	0.04	42
3/31/2009	0.17	42.5
4/1/2009	0.39	40
4/2/2009	0.92	42.5
4/3/2009	0.09	42.5
4/9/2009	0.03	50.5
4/10/2009	0.02	47
4/11/2009	0.06	47.5
4/12/2009	0.83	48
4/13/2009	0.32	42.5
4/14/2009	0.01	44.5
4/16/2009	0.01	48.5
4/17/2009	0.25	51.5
4/22/2009	0.25	46
4/23/2009	0.06	45.5
4/28/2009	0.12	49.5
5/2/2009	0.32	56
5/3/2009	0.01	53
5/4/2009	0.36	53.5
5/5/2009	0.59	51.5
5/6/2009	0.89	50
5/10/2009	0.04	54.5
5/11/2009	0.03	53
5/12/2009	0.04	48
5/13/2009	0.44	47
5/14/2009	0.32	50
5/18/2009	0.45	57
5/19/2009	0.12	52
6/18/2009	0.01	64
6/19/2009	0.09	61.5
6/21/2009	0.04	58
6/22/2009	0.01	59.5
6/25/2009	0.03	62
7/12/2009	0.04	60.5
7/13/2009	0.02	59
8/10/2009	0.13	61.5
8/11/2009	0.32	64.5
8/12/2009	0.15	65
8/13/2009	0.16	60
8/25/2009	0.03	62.5
8/28/2009	0.01	67.5
8/29/2009	0.36	65
9/3/2009	0.12	63.5
9/5/2009	0.31	62
9/6/2009	0.93	57
9/7/2009	0.01	59.5
9/9/2009	0.01	64.5
9/16/2009	0.01	65
9/19/2009	0.29	62
9/29/2009	0.07	52.5
10/1/2009	0.08	56.5
10/2/2009	0.14	52.5
10/13/2009	0.17	53.5
10/14/2009	0.51	55
10/15/2009	0.07	56.5
10/16/2009	0.78	58
10/17/2009	1.24	60
10/18/2009	0.09	56.5
10/21/2009	0.16	56
10/22/2009	0.02	52
10/23/2009	0.41	53
10/25/2009	0.06	43
10/26/2009	1.21	46.5
10/28/2009	0.08	42.5
10/29/2009	0.25	48.5
10/30/2009	0.23	57
10/31/2009	0.04	51
11/2/2009	0.01	46.5
11/5/2009	0.38	54
11/6/2009	1.21	46
11/7/2009	0.86	43.5
11/8/2009	0.07	46
11/9/2009	0.37	49.5
11/10/2009	0.32	48
11/11/2009	0.05	44.5
11/13/2009	0.19	41.5
11/15/2009	0.36	47
11/16/2009	0.77	53
11/17/2009	0.44	45.5
11/18/2009	0.13	43.5
11/19/2009	0.7	51
11/20/2009	0.29	49
11/21/2009	0.31	43
11/22/2009	0.55	45
11/23/2009	0.05	47
11/24/2009	0.2	48
11/25/2009	0.16	48
11/26/2009	1.34	47.5
11/30/2009	0.2	47
12/4/2009	0.04	34
12/14/2009	0.5	39
12/15/2009	0.29	43
12/16/2009	0.43	49
12/17/2009	0.06	46.5
12/18/2009	0.02	46.5
12/19/2009	0.41	46
12/20/2009	0.08	51
12/21/2009	0.55	45
12/22/2009	0.02	37
12/29/2009	0.06	36.5
12/30/2009	0.02	41
12/31/2009	0.27	44
1/1/2010	0.4	48.5
1/2/2010	0.06	45
1/3/2010	0.03	43.5
1/4/2010	0.98	46.5
1/5/2010	0.14	47
1/7/2010	0.04	44
1/8/2010	0.81	42.5
1/9/2010	0.08	48.5
1/10/2010	0.09	49.5
1/11/2010	1.07	51
1/12/2010	0.53	50
1/13/2010	0.27	51
1/14/2010	0.28	46.5
1/15/2010	0.42	47.5
1/16/2010	0.02	41
1/17/2010	0.15	47
1/19/2010	0.01	54
1/23/2010	0.09	44.5
1/24/2010	0.36	41.5
1/25/2010	0.06	47.5
1/29/2010	0.02	50
1/30/2010	0.18	45.5
1/31/2010	0.08	47
2/1/2010	0.08	44.5
2/2/2010	0.01	47
2/3/2010	0.31	45.5
2/4/2010	0.08	49
2/5/2010	0.07	51.5
2/6/2010	0.13	49.5
2/7/2010	0.15	46.5
2/10/2010	0.11	37.5
2/11/2010	0.24	48.5
2/12/2010	0.38	48.5
2/13/2010	0.2	48.5
2/14/2010	0.42	47.5
2/15/2010	0.07	46
2/16/2010	0.21	48.5
2/23/2010	0.16	42.5
2/24/2010	0.33	46.5
2/25/2010	0.05	49
2/26/2010	0.44	49
2/27/2010	0.08	50
3/2/2010	0.09	51
3/4/2010	0.05	47.5
3/7/2010	0.06	44.5
3/8/2010	0.08	36.5
3/10/2010	0.07	43.5
3/11/2010	0.38	43
3/12/2010	0.67	44
3/13/2010	0.02	43.5
3/16/2010	0.08	50
3/17/2010	0.01	46
3/21/2010	0.01	50.5
3/25/2010	0.62	49
3/28/2010	0.47	51
3/29/2010	0.92	45
3/30/2010	0.23	43
4/1/2010	0.04	45
4/2/2010	0.75	43.5
4/3/2010	0.17	42
4/4/2010	0.11	46.5
4/5/2010	0.1	45
4/7/2010	0.15	47
4/8/2010	0.01	44.5
4/13/2010	0.16	49.5
4/15/2010	0.02	51
4/16/2010	0.03	55.5
4/17/2010	0.25	55.5
4/20/2010	0.06	51.5
4/21/2010	0.87	47
4/23/2010	0.05	51
4/24/2010	0.08	48.5
4/26/2010	0.18	56.5
4/27/2010	0.29	49.5
4/28/2010	0.13	49.5
4/30/2010	0.04	51
5/1/2010	0.01	50
5/2/2010	0.32	49
5/3/2010	0.03	47.5
5/4/2010	0.08	46.5
5/5/2010	0.1	44
5/10/2010	0.18	50
5/16/2010	0.02	62
5/17/2010	0.01	61.5
5/18/2010	0.14	56.5
5/19/2010	0.26	57
5/20/2010	0.21	50
5/21/2010	0.1	50
5/22/2010	0.01	53
5/23/2010	0.03	51
5/25/2010	0.06	55.5
5/26/2010	0.23	52
5/27/2010	0.11	53.5
5/28/2010	0.45	51.5
5/29/2010	0.06	49.5
5/30/2010	0.11	50.5
5/31/2010	0.31	58.5
6/1/2010	0.15	55.5
6/2/2010	0.37	55.5
6/3/2010	0.03	54.5
6/4/2010	0.18	55
6/6/2010	0.33	58
6/7/2010	0.01	59
6/8/2010	0.25	59.5
6/9/2010	0.25	56.5
6/10/2010	0.18	57
6/11/2010	0.1	57
6/15/2010	0.19	54
6/16/2010	0.18	54
6/19/2010	0.06	55
6/20/2010	0.21	54
7/1/2010	0.01	57
7/2/2010	0.18	59
7/4/2010	0.11	58.5
7/22/2010	0.01	59.5
8/5/2010	0.02	70.5
8/7/2010	0.19	61
8/8/2010	0.03	63
8/21/2010	0.01	61.5
8/31/2010	0.39	56
9/4/2010	0.01	60
9/6/2010	0.12	56
9/7/2010	0.26	61.5
9/8/2010	0.31	56.5
9/9/2010	0.03	58
9/15/2010	0.14	60.5
9/16/2010	0.6	63
9/17/2010	1.49	60.5
9/18/2010	0.78	65.5
9/19/2010	0.36	62
9/20/2010	0.02	59
9/23/2010	0.26	55
9/26/2010	0.39	62
9/27/2010	0.03	66.5
10/8/2010	0.12	60.5
10/9/2010	1.21	59.5
10/10/2010	0.74	57
10/14/2010	0.12	53.5
10/22/2010	0.05	54.5
10/23/2010	0.38	54
10/24/2010	0.72	49.5
10/25/2010	1.08	47.5
10/26/2010	0.19	46
10/28/2010	0.07	54
10/29/2010	0.01	52
10/30/2010	0.39	45
10/31/2010	0.16	51.5
11/1/2010	1.56	53.5
11/2/2010	0.02	55.5
11/5/2010	0.17	51
11/6/2010	0.7	50.5
11/7/2010	0.06	49.5
11/9/2010	0.22	43
11/11/2010	0.13	42.5
11/13/2010	0.12	45
11/14/2010	0.27	49
11/15/2010	0.14	52
11/17/2010	0.17	45
11/18/2010	0.2	39.5
11/19/2010	0.06	43.5
11/21/2010	0.01	34
11/22/2010	0.15	27
11/25/2010	0.01	33.5
11/26/2010	0.29	41.5
11/27/2010	0.01	37
11/28/2010	0.02	38.5
11/29/2010	0.1	40
11/30/2010	0.64	43.5
12/6/2010	0.01	43.5
12/7/2010	0.35	49.5
12/8/2010	0.51	49.5
12/9/2010	0.89	46
12/11/2010	1.42	45
12/12/2010	2.19	52.5
12/13/2010	0.46	50.5
12/14/2010	0.82	43
12/15/2010	0.11	42.5
12/16/2010	0.02	42
12/18/2010	0.08	42.5
12/19/2010	0.14	41.5
12/20/2010	0.03	39.5
12/21/2010	0.01	46.5
12/22/2010	0.01	44.5
12/23/2010	0.25	43.5
12/24/2010	0.44	48
12/25/2010	0.32	49
12/26/2010	0.09	42
12/27/2010	0.44	41
12/28/2010	0.01	43
12/29/2010	0.09	36
1/4/2011	0.03	33
1/5/2011	0.12	40
1/6/2011	0.17	46.5
1/7/2011	0.37	42.5
1/8/2011	0.03	37
1/9/2011	0.02	35
1/11/2011	0.3	34.5
1/12/2011	0.81	40
1/13/2011	0.82	48
1/14/2011	0.29	51.5
1/15/2011	0.45	49.5
1/16/2011	0.27	52.5
1/17/2011	0.04	46
1/18/2011	0.08	39.5
1/20/2011	0.05	38.5
1/21/2011	0.51	46.5
1/23/2011	0.04	43.5
1/24/2011	0.21	46
1/28/2011	0.14	45.5
1/29/2011	0.24	45.5
2/3/2011	0.01	44
2/4/2011	0.07	47.5
2/5/2011	0.08	45
2/6/2011	0.25	46.5
2/7/2011	0.05	43.5
2/12/2011	0.37	47
2/13/2011	0.24	46.5
2/14/2011	0.54	45
2/15/2011	0.09	41.5
2/16/2011	0.04	39
2/17/2011	0.11	39
2/21/2011	0.03	39.5
2/22/2011	0.04	38
2/23/2011	0.24	32
2/27/2011	0.47	37.5
2/28/2011	0.42	37
3/1/2011	0.24	39
3/2/2011	0.07	43
3/3/2011	0.22	42
3/4/2011	0.12	41
3/5/2011	0.02	44
3/8/2011	0.16	45
3/9/2011	1.47	47
3/10/2011	0.55	46
3/12/2011	0.41	45
3/13/2011	0.33	48
3/14/2011	0.12	48.5
3/15/2011	0.37	48.5
3/16/2011	0.09	43
3/18/2011	0.27	44
3/20/2011	0.01	43.5
3/21/2011	0.01	45
3/24/2011	0.23	51
3/25/2011	0.33	47
3/26/2011	0.15	43.5
3/27/2011	0.28	45
3/28/2011	0.14	46
3/29/2011	0.12	46
3/30/2011	0.26	49.5
3/31/2011	0.32	50
4/1/2011	1.13	44.5
4/2/2011	0.37	43.5
4/3/2011	0.06	43.5
4/4/2011	0.24	44
4/5/2011	0.23	43.5
4/6/2011	0.12	41
4/7/2011	0.08	41
4/9/2011	0.01	48.5
4/10/2011	0.16	49.5
4/13/2011	0.17	44
4/14/2011	0.4	43
4/15/2011	0.09	45.5
4/16/2011	0.06	47.5
4/17/2011	0.01	44
4/18/2011	0.01	43.5
4/24/2011	0.18	50
4/25/2011	0.52	47.5
4/26/2011	0.01	49.5
4/27/2011	0.45	44.5
4/28/2011	0.04	45
4/30/2011	0.13	49.5
5/2/2011	0.18	48.5
5/5/2011	0.03	51
5/6/2011	0.13	50
5/7/2011	0.04	50.5
5/8/2011	0.02	51
5/11/2011	0.42	46.5
5/14/2011	0.97	57
5/15/2011	0.81	49
5/21/2011	0.04	51
5/25/2011	0.41	51.5
5/26/2011	0.01	53
5/27/2011	0.02	52
5/28/2011	0.01	53.5
5/31/2011	0.11	54.5
6/1/2011	0.17	54.5
6/2/2011	0.08	55
6/7/2011	0.21	57
6/12/2011	0.01	59
6/13/2011	0.11	60
6/15/2011	0.06	56.5
6/18/2011	0.41	55.5
6/19/2011	0.03	57
6/23/2011	0.07	58
6/24/2011	0.26	59
6/25/2011	0.01	59.5
7/7/2011	0.03	60.5
7/12/2011	0.08	63.5
7/14/2011	0.02	59
7/15/2011	0.02	66
7/16/2011	0.35	65.5
7/17/2011	0.07	59
7/25/2011	0.13	60
8/22/2011	0.12	65.5
8/30/2011	0.01	61.5
9/17/2011	0.2	57
9/18/2011	0.28	58.5
9/19/2011	0.01	61.5
9/25/2011	0.19	61
9/26/2011	0.59	57
9/27/2011	0.01	58
9/30/2011	0.01	58
10/1/2011	0.02	54.5
10/2/2011	0.37	56.5
10/3/2011	0.1	57
10/4/2011	0.05	56
10/5/2011	0.09	52
10/6/2011	0.11	53.5
10/7/2011	0.06	52.5
10/8/2011	0.02	55.5
10/9/2011	0.1	55.5
10/10/2011	0.25	55
10/11/2011	0.89	55.5
10/14/2011	0.01	51.5
10/21/2011	0.12	54
10/22/2011	0.58	57.5
10/26/2011	0.02	43.5
10/28/2011	0.5	48
10/30/2011	0.16	50.5
11/2/2011	0.35	43
11/4/2011	0.05	40.5
11/7/2011	0.01	44
11/11/2011	0.23	44.5
11/12/2011	0.25	41.5
11/13/2011	0.02	45
11/16/2011	0.49	43
11/17/2011	0.28	41.5
11/18/2011	0.08	36
11/21/2011	0.3	41.5
11/22/2011	1.76	46.5
11/23/2011	0.55	46.5
11/24/2011	0.26	41
11/26/2011	0.02	46
11/27/2011	0.42	50
11/29/2011	0.09	39.5
12/2/2011	0.01	38
12/11/2011	0.02	37.5
12/15/2011	0.03	41
12/18/2011	0.19	40.5
12/23/2011	0.02	42
12/25/2011	0.03	43.5
12/26/2011	0.05	39.5
12/27/2011	0.9	45.5
12/28/2011	0.63	50.5
12/29/2011	0.29	47.5
12/30/2011	0.07	42.5
1/2/2012	0.43	44
1/3/2012	0.03	49
1/4/2012	0.8	48
1/5/2012	0.05	42.5
1/6/2012	0.1	38
1/9/2012	0.17	45
1/10/2012	0.04	38
1/14/2012	0.16	36.5
1/15/2012	0.21	30
1/16/2012	0.1	31
1/17/2012	0.32	35
1/18/2012	0.78	29.5
1/19/2012	0.6	28.5
1/20/2012	0.53	37.5
1/21/2012	0.12	42.5
1/22/2012	0.24	40
1/24/2012	0.34	43
1/25/2012	0.32	44
1/26/2012	0.19	41
1/29/2012	1.09	44
1/30/2012	0.14	45
1/31/2012	0.07	46
2/1/2012	0.53	43
2/7/2012	0.01	53
2/8/2012	0.11	45.5
2/9/2012	0.1	49
2/10/2012	0.1	49.5
2/11/2012	0.03	45
2/12/2012	0.04	44
2/13/2012	0.45	42.5
2/14/2012	0.1	39
2/16/2012	0.07	41.5
2/17/2012	0.68	45
2/18/2012	0.25	41.5
2/20/2012	0.12	40.5
2/21/2012	0.03	48
2/22/2012	0.34	43.5
2/24/2012	0.45	42
2/26/2012	0.05	35.5
2/28/2012	0.14	37.5
2/29/2012	0.03	37.5
3/2/2012	0.08	41.5
3/5/2012	0.27	40
3/6/2012	0.02	38
3/9/2012	0.14	45
3/10/2012	0.41	44
3/11/2012	0.54	40.5
3/12/2012	0.76	40
3/13/2012	0.37	37.5
3/14/2012	0.34	40
3/15/2012	0.94	47
3/16/2012	0.33	43.5
3/17/2012	0.37	41.5
3/18/2012	0.14	36
3/19/2012	0.08	37.5
3/20/2012	0.14	41
3/21/2012	0.05	41
3/22/2012	0.16	42.5
3/27/2012	0.19	51
3/28/2012	0.05	48
3/29/2012	1.08	46.5
3/30/2012	0.22	45
3/31/2012	0.52	43.5
4/1/2012	0.06	44
4/3/2012	0.06	45.5
4/5/2012	0.18	43
4/6/2012	0.01	45
4/11/2012	0.09	48.5
4/12/2012	0.02	49.5
4/16/2012	0.32	50
4/17/2012	0.07	45
4/18/2012	0.07	50.5
4/19/2012	0.43	49
4/20/2012	0.26	50
4/24/2012	0.17	53.5
4/25/2012	0.42	55
4/26/2012	0.15	50.5
4/27/2012	0.03	49.5
4/29/2012	0.17	54
4/30/2012	0.17	50
5/1/2012	0.02	48
5/2/2012	0.02	49
5/3/2012	0.73	48.5
5/4/2012	0.07	48.5
5/20/2012	0.25	55.5
5/21/2012	0.55	56
5/22/2012	0.24	51.5
5/23/2012	0.01	53
5/30/2012	0.01	59
5/31/2012	0.15	59
6/1/2012	0.26	61.5
6/2/2012	0.01	58.5
6/4/2012	0.05	51.5
6/5/2012	0.63	51.5
6/7/2012	0.65	54.5
6/8/2012	0.06	53
6/12/2012	0.03	60
6/18/2012	0.12	56.5
6/19/2012	0.04	58.5
6/22/2012	0.62	55
6/23/2012	0.34	54.5
6/25/2012	0.02	59.5
6/29/2012	0.01	65
6/30/2012	0.12	62
7/2/2012	0.08	59.5
7/3/2012	0.23	58
7/9/2012	0.06	66
7/13/2012	0.02	65.5
7/16/2012	0.01	67.5
7/20/2012	0.6	62
7/22/2012	0.04	61.5
9/9/2012	0.01	61.5
9/10/2012	0.01	60.5
9/22/2012	0.01	60
10/12/2012	0.08	52.5
10/13/2012	0.19	57
10/14/2012	0.65	60
10/15/2012	0.31	57.5
10/18/2012	0.82	54
10/19/2012	0.19	54
10/20/2012	0.02	47.5
10/21/2012	0.25	46.5
10/22/2012	0.35	42
10/24/2012	0.28	48
10/26/2012	0.06	48.5
10/27/2012	0.91	53.5
10/28/2012	0.24	54
10/29/2012	0.43	55
10/30/2012	1.36	56.5
10/31/2012	0.57	56
11/1/2012	0.38	55
11/2/2012	0.22	55
11/3/2012	0.02	56
11/4/2012	0.32	59.5
11/5/2012	0.03	52.5
11/6/2012	0.01	49.5
11/11/2012	0.6	41
11/12/2012	0.14	49
11/13/2012	0.21	49
11/14/2012	0.03	46.5
11/16/2012	0.22	42.5
11/17/2012	0.24	48.5
11/18/2012	0.31	46.5
11/19/2012	2.13	51.5
11/20/2012	0.15	48.5
11/21/2012	0.44	43
11/23/2012	1.26	46
11/28/2012	0.11	42.5
11/29/2012	0.06	50.5
11/30/2012	1.4	52.5
12/1/2012	0.16	51.5
12/2/2012	0.77	46
12/3/2012	0.51	47
12/4/2012	0.56	49
12/5/2012	0.06	44
12/6/2012	0.06	44
12/7/2012	0.04	42
12/9/2012	0.06	40.5
12/10/2012	0.02	43.5
12/11/2012	0.12	44
12/12/2012	0.32	42
12/13/2012	0.09	41.5
12/14/2012	0.31	38.5
12/15/2012	0.21	36.5
12/16/2012	0.89	41
12/17/2012	0.08	41
12/18/2012	0.13	36
12/19/2012	0.54	41
12/20/2012	0.52	39
12/21/2012	0.07	38
12/22/2012	0.13	43
12/23/2012	0.26	41.5
12/24/2012	0.01	39.5
12/25/2012	0.53	39.5
12/26/2012	0.18	41
12/27/2012	0.16	42
12/29/2012	0.06	39.5
1/3/2013	0.16	36.5
1/4/2013	0.1	43
1/5/2013	0.12	42
1/6/2013	0.08	41
1/7/2013	0.09	45
1/8/2013	0.64	47.5
1/9/2013	1.51	42.5
1/10/2013	0.01	34.5
1/23/2013	0.2	40.5
1/24/2013	0.23	39.5
1/25/2013	0.12	44
1/26/2013	0.09	43
1/27/2013	0.07	40.5
1/28/2013	0.31	40.5
1/29/2013	0.17	44
1/30/2013	0.14	46
1/31/2013	0.12	47
2/1/2013	0.01	47
2/3/2013	0.09	42.5
2/5/2013	0.13	47
2/6/2013	0.04	47
2/7/2013	0.05	43.5
2/9/2013	0.01	43.5
2/11/2013	0.01	43.5
2/12/2013	0.04	48.5
2/13/2013	0.09	47
2/14/2013	0.04	45.5
2/20/2013	0.06	40
2/21/2013	0.02	41.5
2/22/2013	0.37	42.5
2/23/2013	0.01	44.5
2/25/2013	0.09	44.5
2/26/2013	0.02	43.5
2/27/2013	0.18	45
2/28/2013	0.32	48.5
3/1/2013	0.16	55.5
3/2/2013	0.03	49
3/6/2013	0.47	43
3/7/2013	0.29	47.5
3/10/2013	0.03	42.5
3/11/2013	0.05	47
3/12/2013	0.08	52.5
3/13/2013	0.09	51
3/14/2013	0.11	51
3/16/2013	0.17	45.5
3/19/2013	0.46	45
3/20/2013	0.39	46
3/21/2013	0.32	43
3/27/2013	0.01	50.5
3/28/2013	0.08	54
4/4/2013	0.33	54
4/5/2013	0.73	53.5
4/6/2013	0.5	49.5
4/7/2013	1.54	44
4/8/2013	0.03	49.5
4/10/2013	0.37	53.5
4/11/2013	0.06	49
4/12/2013	0.38	43
4/13/2013	0.37	44.5
4/14/2013	0.23	47.5
4/16/2013	0.01	47.5
4/18/2013	0.21	48.5
4/19/2013	0.81	52.5
4/21/2013	0.13	49
4/28/2013	0.04	54
4/29/2013	0.15	50.5
5/12/2013	0.26	64
5/13/2013	0.13	57.5
5/15/2013	0.04	55.5
5/17/2013	0.02	58
5/21/2013	0.54	53.5
5/22/2013	0.54	48.5
5/23/2013	0.16	49
5/24/2013	0.01	55
5/26/2013	0.06	58
5/27/2013	0.38	57
5/28/2013	0.02	58
5/29/2013	0.22	55
6/2/2013	0.04	61.5
6/12/2013	0.01	61
6/18/2013	0.01	65
6/20/2013	0.12	59
6/21/2013	0.01	61.5
6/23/2013	0.31	65.5
6/24/2013	0.19	63.5
6/25/2013	0.39	66
6/26/2013	0.08	65.5
6/27/2013	0.14	66
8/2/2013	0.08	61
8/10/2013	0.09	68.5
8/14/2013	0.03	70
8/15/2013	0.07	66.5
8/25/2013	0.01	66.5
8/26/2013	0.04	68.5
8/27/2013	0.05	71.5
8/28/2013	0.22	70
8/29/2013	0.76	70
9/3/2013	0.09	69.5
9/4/2013	0.01	67
9/5/2013	1.09	64
9/6/2013	0.84	66
9/15/2013	0.13	62
9/16/2013	0.01	65
9/20/2013	0.14	65
9/22/2013	0.53	59.5
9/23/2013	0.11	56.5
9/25/2013	0.08	55
9/27/2013	0.04	54
9/28/2013	1.71	57.5
9/29/2013	0.66	55
9/30/2013	0.73	53.5
10/1/2013	0.31	53
10/2/2013	0.21	52
10/3/2013	0.03	53
10/6/2013	0.16	59.5
10/7/2013	0.02	57
10/8/2013	0.27	51.5
10/10/2013	0.04	52.5
10/11/2013	0.36	54
10/12/2013	0.04	53
10/27/2013	0.07	52
10/30/2013	0.02	50.5
10/31/2013	0.01	54.5
11/1/2013	0.05	58.5
11/2/2013	0.5	52.5
11/3/2013	0.02	47
11/5/2013	0.1	50.5
11/6/2013	0.15	50.5
11/7/2013	1.18	51
11/9/2013	0.07	46.5
11/12/2013	0.16	54
11/14/2013	0.05	47.5
11/15/2013	0.12	48
11/17/2013	0.21	49
11/18/2013	1.03	52
11/19/2013	0.04	48
11/29/2013	0.02	45
11/30/2013	0.09	48.5
12/1/2013	0.12	51
12/2/2013	0.18	40.5
12/12/2013	0.27	36.5
12/13/2013	0.02	45.5
12/15/2013	0.05	50
12/16/2013	0.01	45
12/18/2013	0.05	41
12/20/2013	0.22	40
12/21/2013	0.22	45
12/22/2013	0.42	49
12/23/2013	0.06	48
12/27/2013	0.01	40
12/30/2013	0.01	44
12/31/2013	0.02	44
1/2/2014	0.16	47
1/3/2014	0.06	42.5
1/6/2014	0.01	38.5
1/7/2014	0.48	44
1/8/2014	0.38	47.5
1/9/2014	0.23	45.5
1/10/2014	0.17	51
1/11/2014	0.84	51.5
1/12/2014	0.06	47
1/22/2014	0.02	45.5
1/28/2014	0.35	47.5
1/29/2014	0.85	48.5
1/31/2014	0.09	44
2/1/2014	0.08	41.5
2/8/2014	0.2	36.5
2/9/2014	0.02	35.5
2/10/2014	0.72	43
2/11/2014	0.67	48
2/12/2014	0.18	49.5
2/13/2014	0.07	50.5
2/14/2014	0.37	48
2/15/2014	0.46	46.5
2/16/2014	1.04	44
2/17/2014	0.57	43.5
2/18/2014	0.6	44.5
2/19/2014	0.04	43
2/20/2014	0.12	46
2/21/2014	0.11	41.5
2/22/2014	0.1	39.5
2/23/2014	0.24	42
2/24/2014	0.51	41
2/25/2014	0.01	46.5
3/1/2014	0.02	42.5
3/2/2014	0.75	44.5
3/3/2014	0.42	53
3/4/2014	0.65	51.5
3/5/2014	1.84	55.5
3/6/2014	0.12	53
3/8/2014	1.27	49.5
3/9/2014	0.17	54
3/10/2014	0.74	48.5
3/13/2014	0.02	49
3/14/2014	0.27	52.5
3/15/2014	0.32	51
3/16/2014	1.09	45.5
3/17/2014	0.01	43.5
3/19/2014	0.02	45
3/25/2014	0.16	50.5
3/26/2014	0.14	47
3/27/2014	0.01	49
3/28/2014	0.87	49
3/29/2014	0.55	49
4/3/2014	0.1	49.5
4/5/2014	0.18	49.5
4/8/2014	0.18	53.5
4/15/2014	0.02	52
4/16/2014	0.43	50
4/17/2014	0.73	49
4/19/2014	0.54	47.5
4/21/2014	0.2	54.5
4/22/2014	0.56	47.5
4/23/2014	0.35	48
4/24/2014	0.49	50
4/26/2014	0.13	50.5
4/27/2014	0.27	47.5
5/3/2014	1.31	53.5
5/4/2014	0.63	53
5/5/2014	0.2	54.5
5/8/2014	0.54	53
5/9/2014	0.08	50.5
5/10/2014	0.02	52.5
5/23/2014	0.15	61.5
5/25/2014	0.22	55
6/12/2014	0.07	62.5
6/13/2014	0.25	56
6/15/2014	0.02	57.5
6/16/2014	0.14	56
6/17/2014	0.05	57
6/19/2014	0.03	65.5
6/20/2014	0.01	59
6/27/2014	0.07	63.5
6/28/2014	0.09	62
7/22/2014	0.01	63
7/23/2014	0.76	61
8/2/2014	0.02	72.5
8/11/2014	0.02	80
8/12/2014	0.5	72
8/13/2014	0.85	66.5
8/15/2014	0.04	69
8/30/2014	0.33	61.5
8/31/2014	0.05	63.5
9/2/2014	0.12	62.5
9/17/2014	0.02	65.5
9/18/2014	0.01	63
9/22/2014	0.01	65.5
9/23/2014	0.72	62
9/24/2014	0.8	62
9/25/2014	0.17	64.5
9/26/2014	0.35	62.5
9/29/2014	0.03	57
10/10/2014	0.01	57.5
10/11/2014	0.29	59
10/13/2014	0.3	60
10/14/2014	0.28	57.5
10/15/2014	0.34	57
10/17/2014	0.13	57.5
10/18/2014	0.59	62
10/20/2014	0.46	57.5
10/21/2014	0.04	57
10/22/2014	1.26	56.5
10/23/2014	0.37	52.5
10/24/2014	0.16	53
10/25/2014	0.24	54.5
10/26/2014	0.06	50.5
10/27/2014	0.03	52
10/28/2014	0.5	54
10/29/2014	0.02	57.5
10/30/2014	1	56
10/31/2014	0.67	51
11/2/2014	0.07	50.5
11/3/2014	0.43	54.5
11/4/2014	0.16	54.5
11/5/2014	0.19	55
11/6/2014	0.16	56.5
11/9/2014	0.2	51
11/20/2014	0.14	47
11/21/2014	0.6	49.5
11/22/2014	0.02	46.5
11/23/2014	0.47	48.5
11/24/2014	0.05	46.5
11/25/2014	0.72	53
11/26/2014	0.01	56.5
11/27/2014	0.13	55.5
11/28/2014	1.35	46.5
11/29/2014	0.14	32
12/4/2014	0.03	43
12/5/2014	0.12	49.5
12/6/2014	0.29	49.5
12/8/2014	0.36	53
12/9/2014	0.39	56
12/10/2014	0.51	58
12/11/2014	0.27	52.5
12/17/2014	0.11	45.5
12/18/2014	0.51	46.5
12/19/2014	0.12	48.5
12/20/2014	0.77	49.5
12/23/2014	0.81	47.5
12/24/2014	0.21	42
12/27/2014	0.13	44.5
12/28/2014	0.16	40.5
1/2/2015	0.06	37
1/4/2015	0.4	44.5
1/5/2015	0.32	51.5
1/9/2015	0.01	44
1/10/2015	0.23	44.5
1/11/2015	0.06	47
1/15/2015	0.38	40
1/17/2015	1.03	47
1/18/2015	0.84	51
1/19/2015	0.02	46.5
1/22/2015	0.03	46
1/23/2015	0.23	50.5
1/24/2015	0.02	55
1/27/2015	0.03	49.5
2/1/2015	0.06	44.5
2/2/2015	0.29	46.5
2/3/2015	0.05	46
2/4/2015	0.33	45.5
2/5/2015	1.03	51.5
2/6/2015	0.68	54
2/7/2015	0.93	51.5
2/8/2015	0.14	53
2/9/2015	0.24	51.5
2/10/2015	0.01	51
2/12/2015	0.04	55.5
2/14/2015	0.01	51
2/19/2015	0.18	49
2/20/2015	0.03	48.5
2/25/2015	0.16	47
2/26/2015	0.37	49.5
2/27/2015	0.72	47
3/10/2015	0.03	48.5
3/11/2015	0.1	53
3/13/2015	0.08	54.5
3/14/2015	0.67	53
3/15/2015	2.2	47
3/16/2015	0.04	50
3/17/2015	0.03	48
3/20/2015	0.16	52.5
3/21/2015	0.15	51.5
3/22/2015	0.04	48
3/23/2015	0.32	47
3/24/2015	0.3	49
3/25/2015	0.2	51.5
3/27/2015	0.04	56.5
3/30/2015	0.07	57.5
3/31/2015	0.04	49
4/1/2015	0.2	48.5
4/3/2015	0.06	46.5
4/6/2015	0.04	50.5
4/7/2015	0.02	51
4/10/2015	0.43	51.5
4/13/2015	0.55	46
4/14/2015	0.13	45
4/21/2015	0.22	53.5
4/23/2015	0.12	49
4/24/2015	0.13	48.5
4/25/2015	0.05	49
4/27/2015	0.01	64
4/28/2015	0.07	54
5/5/2015	0.24	51.5
5/12/2015	0.17	55.5
5/13/2015	0.16	52
5/14/2015	0.01	56.5
6/1/2015	0.18	57
6/2/2015	0.02	59.5
6/19/2015	0.02	65.5
6/28/2015	0.01	74
7/24/2015	0.01	64.5
7/26/2015	0.08	64.5
8/12/2015	0.3	72.5
8/14/2015	1.2	62
8/20/2015	0.08	65.5
8/28/2015	0.02	67
8/29/2015	1.28	64
8/30/2015	0.4	61.5
9/1/2015	0.23	62
9/5/2015	0.01	58.5
9/6/2015	0.21	57
9/7/2015	0.01	63
9/13/2015	0.02	62
9/16/2015	0.04	59
9/17/2015	0.07	60
9/20/2015	0.16	63.5
9/25/2015	0.08	57.5
10/7/2015	0.39	59
10/9/2015	0.01	60.5
10/10/2015	1.13	63
10/12/2015	0.18	58
10/13/2015	0.05	55.5
10/17/2015	0.01	60
10/18/2015	0.15	57
10/19/2015	0.01	58.5
10/25/2015	0.35	57.5
10/26/2015	0.27	52
10/28/2015	0.13	54.5
10/29/2015	0.07	56.5
10/30/2015	0.76	58
10/31/2015	1.3	56.5
11/1/2015	1.03	51
11/2/2015	0.01	48.5
11/3/2015	0.03	46
11/5/2015	0.05	49.5
11/7/2015	0.5	51.5
11/8/2015	0.26	49
11/9/2015	0.13	45.5
11/10/2015	0.05	45.5
11/11/2015	0.06	47.5
11/12/2015	0.39	46.5
11/13/2015	1.32	52.5
11/14/2015	1.86	46
11/15/2015	0.88	42
11/16/2015	0.08	41.5
11/17/2015	1.16	50
11/18/2015	0.06	43
11/19/2015	0.08	42.5
11/23/2015	0.12	38
11/24/2015	0.28	40.5
11/30/2015	0.02	33.5
12/1/2015	0.48	44.5
12/2/2015	0.1	45.5
12/3/2015	0.5	53
12/4/2015	0.08	47
12/5/2015	0.62	46.5
12/6/2015	0.44	50
12/7/2015	1.08	49.5
12/8/2015	2.13	55
12/9/2015	0.53	50
12/10/2015	0.37	48
12/11/2015	0.01	44.5
12/12/2015	0.63	45
12/13/2015	0.05	44.5
12/15/2015	0.06	39
12/16/2015	0.14	40
12/17/2015	0.86	41.5
12/18/2015	0.73	44
12/20/2015	0.17	43
12/21/2015	1.08	39.5
12/22/2015	0.18	41.5
12/23/2015	0.24	39
12/24/2015	0.1	39
12/25/2015	0.23	38.5
12/27/2015	0.34	37.5
12/28/2015	0.06	38
1/3/2016	0.02	35.5
1/4/2016	0.15	36.5
1/5/2016	0.11	41
1/11/2016	0.16	41
1/12/2016	0.51	44
1/13/2016	0.75	47.5
1/15/2016	0.05	40
1/16/2016	0.4	47
1/17/2016	0.33	46
1/18/2016	0.06	47.5
1/19/2016	0.49	44.5
1/20/2016	0.27	45
1/21/2016	1.15	49
1/22/2016	0.26	49.5
1/23/2016	0.77	44.5
1/26/2016	0.3	51
1/27/2016	0.82	53.5
1/28/2016	0.61	51
1/29/2016	0.19	45
1/30/2016	0.05	42
2/1/2016	0.01	41.5
2/2/2016	0.01	42.5
2/3/2016	0.53	43
2/4/2016	0.33	45.5
2/5/2016	0.14	45.5
2/10/2016	0.13	51
2/11/2016	0.48	50
2/12/2016	0.8	52
2/13/2016	0.49	46.5
2/14/2016	0.15	50
2/15/2016	0.46	51.5
2/17/2016	0.47	55
2/18/2016	0.12	47.5
2/19/2016	0.4	44.5
2/21/2016	0.05	42.5
2/22/2016	0.17	43.5
2/24/2016	0.02	50
2/26/2016	0.17	50.5
2/27/2016	0.13	51.5
2/28/2016	0.82	45
2/29/2016	0.09	47.5
3/1/2016	0.81	50
3/2/2016	0.28	49.5
3/3/2016	0.03	53
3/4/2016	0.16	48.5
3/5/2016	0.19	55.5
3/6/2016	0.16	51
3/7/2016	0.2	45.5
3/8/2016	0.14	46
3/9/2016	0.93	48.5
3/10/2016	0.23	48.5
3/11/2016	0.32	48
3/12/2016	0.15	45
3/13/2016	0.62	46.5
3/14/2016	0.25	43
3/20/2016	0.17	51
3/21/2016	0.34	50.5
3/23/2016	0.23	48
3/26/2016	0.13	50
3/27/2016	0.18	47.5
4/3/2016	0.16	56.5
4/4/2016	0.03	51.5
4/12/2016	0.32	50.5
4/13/2016	0.1	51
4/14/2016	0.15	51.5
4/23/2016	0.01	57.5
4/24/2016	0.3	50.5
4/25/2016	0.11	51.5
4/29/2016	0.01	54.5
5/8/2016	0.03	57
5/14/2016	0.02	55.5
5/15/2016	0.02	54
5/16/2016	0.06	54.5
5/19/2016	0.5	55.5
5/21/2016	0.21	54
5/28/2016	0.1	55.5
6/1/2016	0.04	64.5
6/2/2016	0.01	64
6/8/2016	0.01	61
6/9/2016	0.13	57.5
6/10/2016	0.18	57
6/14/2016	0.02	53.5
6/17/2016	0.14	59.5
6/20/2016	0.55	65
6/23/2016	0.35	60.5
6/24/2016	0.34	60.5
7/6/2016	0.01	66
7/7/2016	0.12	63
7/8/2016	0.24	65
7/9/2016	0.01	63.5
7/18/2016	0.01	65.5
7/22/2016	0.33	66
8/2/2016	0.13	64
8/7/2016	0.03	63
8/31/2016	0.01	63.5
9/1/2016	0.17	61
9/2/2016	0.05	62
9/5/2016	0.01	59
9/6/2016	0.42	60
9/7/2016	0.04	61.5
9/8/2016	0.03	62.5
9/17/2016	0.22	62
9/19/2016	0.08	60.5
9/23/2016	0.01	58
9/27/2016	0.02	61.5
10/1/2016	0.05	56.5
10/4/2016	0.13	56
10/5/2016	0.04	58.5
10/6/2016	0.31	57.5
10/7/2016	0.11	58
10/8/2016	0.61	58.5
10/9/2016	0.06	52
10/12/2016	0.01	54.5
10/13/2016	1.75	55
10/14/2016	1.36	53.5
10/15/2016	0.73	56
10/16/2016	0.56	55
10/17/2016	0.17	54.5
10/18/2016	0.08	53.5
10/19/2016	0.22	51.5
10/20/2016	1.19	55
10/21/2016	0.02	52.5
10/22/2016	0.05	53
10/23/2016	0.12	55.5
10/24/2016	0.1	57
10/26/2016	1.23	55
10/27/2016	0.04	55
10/29/2016	0.19	54
10/30/2016	0.26	48
10/31/2016	0.66	53
11/1/2016	0.22	53
11/2/2016	0.46	53.5
11/5/2016	1.31	55.5
11/6/2016	0.12	54
11/7/2016	0.04	58
11/9/2016	0.24	57.5
11/12/2016	0.1	53
11/13/2016	0.24	50.5
11/14/2016	0.31	53.5
11/15/2016	1.08	50
11/16/2016	0.2	46.5
11/19/2016	0.04	52.5
11/20/2016	0.01	52
11/21/2016	0.02	48.5
11/22/2016	0.45	48
11/23/2016	0.13	45
11/24/2016	0.66	48.5
11/25/2016	0.01	46.5
11/26/2016	0.38	47
11/27/2016	0.32	44.5
11/29/2016	0.04	46
11/30/2016	0.1	46.5
12/1/2016	0.01	43
12/2/2016	0.27	46.5
12/3/2016	0.18	46
12/4/2016	0.17	40
12/5/2016	0.24	36
12/8/2016	0.06	34
12/9/2016	0.34	33.5
12/10/2016	0.18	39.5
12/11/2016	0.09	40.5
12/12/2016	0.09	39.5
12/19/2016	0.81	40
12/20/2016	0.01	45
12/22/2016	0.3	38.5
12/23/2016	0.58	37
12/24/2016	0.1	37.5
12/26/2016	0.29	37.5
12/27/2016	0.05	42
12/29/2016	0.05	44
12/30/2016	0.02	39.5
12/31/2016	0.03	33.5
1/1/2017	0.43	32.5
1/8/2017	0.45	40
1/9/2017	0.05	38
1/10/2017	0.07	36
1/17/2017	1.74	44
1/18/2017	1.21	48.5
1/19/2017	0.09	45.5
1/21/2017	0.05	47
1/22/2017	0.08	43
1/29/2017	0.03	42.5
1/30/2017	0.02	42.5
2/2/2017	0.01	38
2/3/2017	0.7	37
2/4/2017	0.94	41.5
2/5/2017	0.82	37
2/6/2017	0.65	33.5
2/7/2017	0.01	34
2/8/2017	0.7	37
2/9/2017	1.63	47.5
2/10/2017	0.02	43.5
2/14/2017	0.23	47
2/15/2017	1.63	49.5
2/16/2017	0.5	49.5
2/17/2017	0.01	49
2/18/2017	0.15	43.5
2/19/2017	0.06	43.5
2/20/2017	0.2	42.5
2/21/2017	0.07	43.5
2/23/2017	0.01	39
2/25/2017	0.01	38
2/26/2017	0.33	38
2/27/2017	0.16	37
2/28/2017	0.01	40
3/1/2017	0.02	45
3/2/2017	0.09	44
3/3/2017	0.36	45
3/4/2017	0.04	40
3/7/2017	0.75	38.5
3/8/2017	0.13	40
3/9/2017	0.7	44
3/10/2017	0.03	48
3/11/2017	0.37	46.5
3/12/2017	0.02	49
3/13/2017	0.65	50
3/14/2017	0.39	52.5
3/15/2017	0.81	47
3/17/2017	0.68	45
3/18/2017	0.34	46
3/20/2017	0.01	46
3/21/2017	0.2	51
3/22/2017	0.02	49.5
3/23/2017	0.26	48.5
3/24/2017	0.24	49
3/25/2017	0.01	47.5
3/26/2017	0.38	46
3/27/2017	0.17	48.5
3/28/2017	0.14	48.5
3/29/2017	0.51	50
4/1/2017	0.04	50.5
4/2/2017	0.04	48
4/4/2017	0.12	52
4/5/2017	0.46	51
4/6/2017	0.26	53.5
4/7/2017	0.1	52.5
4/8/2017	0.01	46.5
4/10/2017	0.38	47
4/11/2017	0.02	47.5
4/12/2017	0.85	52
4/13/2017	0.08	48.5
4/14/2017	0.01	47
4/17/2017	0.07	55
4/18/2017	0.48	54
4/19/2017	0.35	51
4/20/2017	0.01	51
4/22/2017	0.07	55.5
4/23/2017	0.49	49
4/24/2017	0.06	51
4/25/2017	0.05	51.5
4/27/2017	0.04	50
4/29/2017	0.14	49.5
4/30/2017	0.08	51.5
5/1/2017	0.03	47.5
5/2/2017	0.13	52
5/3/2017	0.11	64.5
5/4/2017	0.44	64.5
5/5/2017	0.25	52.5
5/6/2017	0.02	51.5
5/11/2017	0.47	53
5/12/2017	0.16	48.5
5/13/2017	0.03	51
5/14/2017	0.04	53
5/15/2017	0.33	49
5/16/2017	0.15	49.5
5/30/2017	0.01	55
5/31/2017	0.11	62
6/1/2017	0.02	61.5
6/7/2017	0.03	67.5
6/8/2017	0.31	58.5
6/9/2017	0.05	56.5
6/15/2017	1.05	57
6/17/2017	0.06	57
8/12/2017	0.02	67
9/17/2017	0.15	59
9/18/2017	0.16	56
9/19/2017	0.04	57
9/20/2017	0.13	53.5
9/21/2017	0.02	57
9/25/2017	0.01	60.5
9/29/2017	0.07	60.5
9/30/2017	0.01	58
10/6/2017	0.01	56
10/7/2017	0.01	55.5
10/8/2017	0.01	54
10/11/2017	0.17	50
10/12/2017	0.38	47.5
10/17/2017	0.06	54.5
10/18/2017	1.35	55.5
10/19/2017	1.04	52
10/20/2017	0.13	49.5
10/21/2017	1.61	51.5
10/22/2017	0.02	55
10/25/2017	0.01	51.5
11/1/2017	0.01	51
11/2/2017	0.19	46
11/3/2017	0.3	38
11/4/2017	0.42	38
11/5/2017	0.61	36.5
11/8/2017	0.15	49.5
11/9/2017	0.42	46.5
11/10/2017	0.01	46
11/11/2017	0.05	47.5
11/12/2017	0.52	52
11/13/2017	0.81	50
11/14/2017	0.05	49
11/15/2017	0.46	48
11/16/2017	0.16	43
11/19/2017	0.58	46
11/20/2017	0.63	45.5
11/21/2017	1.14	49
11/22/2017	0.52	62
11/23/2017	0.2	53.5
11/24/2017	0.01	49
11/25/2017	0.19	47
11/26/2017	0.25	50
11/28/2017	0.68	45
11/30/2017	0.27	43.5
12/1/2017	0.27	43
12/2/2017	0.79	42.5
12/3/2017	0.05	42.5
